date,n_positions,gross_return,cost_drag,net_return,equity
2017-05-08,0,0.0,0.0,0.0,1000000.0
2017-05-09,0,0.0,0.0,0.0,1000000.0
2017-05-11,0,0.0,0.0,0.0,1000000.0
2017-05-15,0,0.0,0.0,0.0,1000000.0
2017-05-16,0,0.0,0.0,0.0,1000000.0
2017-05-17,0,0.0,0.0,0.0,1000000.0
2017-05-18,0,0.0,0.0,0.0,1000000.0
2017-05-21,0,0.0,0.0,0.0,1000000.0
2017-05-22,0,0.0,0.0,0.0,1000000.0
2017-05-23,0,0.0,0.0,0.0,1000000.0
2017-05-24,0,0.0,0.0,0.0,1000000.0
2017-05-28,0,0.0,0.0,0.0,1000000.0
2017-05-30,0,0.0,0.0,0.0,1000000.0
2017-05-31,0,0.0,0.0,0.0,1000000.0
2017-06-01,0,0.0,0.0,0.0,1000000.0
2017-06-04,0,0.0,0.0,0.0,1000000.0
2017-06-05,0,0.0,0.0,0.0,1000000.0
2017-06-06,0,0.0,0.0,0.0,1000000.0
2017-06-07,0,0.0,0.0,0.0,1000000.0
2017-06-08,0,0.0,0.0,0.0,1000000.0
2017-06-11,0,0.0,0.0,0.0,1000000.0
2017-06-12,0,0.0,0.0,0.0,1000000.0
2017-06-13,0,0.0,0.0,0.0,1000000.0
2017-06-14,0,0.0,0.0,0.0,1000000.0
2017-06-15,0,0.0,0.0,0.0,1000000.0
2017-06-18,0,0.0,0.0,0.0,1000000.0
2017-06-19,0,0.0,0.0,0.0,1000000.0
2017-06-20,0,0.0,0.0,0.0,1000000.0
2017-06-21,0,0.0,0.0,0.0,1000000.0
2017-06-22,1,0.0253623188405796,0.006632427536231884,0.018729891304347716,1018729.8913043477
2017-06-25,1,-0.010600706713780883,0.006514628426566056,-0.017115335140346938,1001293.9877971846
2017-06-27,0,0.0,0.0,0.0,1001293.9877971846
2017-06-28,0,0.0,0.0,0.0,1001293.9877971846
2017-07-02,0,0.0,0.0,0.0,1001293.9877971846
2017-07-03,0,0.0,0.0,0.0,1001293.9877971846
2017-07-04,0,0.0,0.0,0.0,1001293.9877971846
2017-07-05,0,0.0,0.0,0.0,1001293.9877971846
2017-07-06,0,0.0,0.0,0.0,1001293.9877971846
2017-07-09,0,0.0,0.0,0.0,1001293.9877971846
2017-07-10,0,0.0,0.0,0.0,1001293.9877971846
2017-07-11,0,0.0,0.0,0.0,1001293.9877971846
2017-07-12,0,0.0,0.0,0.0,1001293.9877971846
2017-07-13,0,0.0,0.0,0.0,1001293.9877971846
2017-07-16,0,0.0,0.0,0.0,1001293.9877971846
2017-07-17,0,0.0,0.0,0.0,1001293.9877971846
2017-07-18,0,0.0,0.0,0.0,1001293.9877971846
2017-07-19,0,0.0,0.0,0.0,1001293.9877971846
2017-07-20,0,0.0,0.0,0.0,1001293.9877971846
2017-07-23,0,0.0,0.0,0.0,1001293.9877971846
2017-07-24,0,0.0,0.0,0.0,1001293.9877971846
2017-07-25,0,0.0,0.0,0.0,1001293.9877971846
2017-07-26,0,0.0,0.0,0.0,1001293.9877971846
2017-07-27,0,0.0,0.0,0.0,1001293.9877971846
2017-07-30,0,0.0,0.0,0.0,1001293.9877971846
2017-07-31,0,0.0,0.0,0.0,1001293.9877971846
2017-08-01,0,0.0,0.0,0.0,1001293.9877971846
2017-08-02,0,0.0,0.0,0.0,1001293.9877971846
2017-08-03,1,0.0365926814637072,0.006668861598979217,0.02992381986472798,1031256.5287196628
2017-08-06,1,-0.0035211267605633756,0.006537040879563218,-0.010058167640126594,1020883.9776738255
2017-08-07,0,0.0,0.0,0.0,1020883.9776738255
2017-08-09,0,0.0,0.0,0.0,1020883.9776738255
2017-08-10,0,0.0,0.0,0.0,1020883.9776738255
2017-08-13,0,0.0,0.0,0.0,1020883.9776738255
2017-08-15,0,0.0,0.0,0.0,1020883.9776738255
2017-08-16,0,0.0,0.0,0.0,1020883.9776738255
2017-08-17,0,0.0,0.0,0.0,1020883.9776738255
2017-08-20,0,0.0,0.0,0.0,1020883.9776738255
2017-08-21,0,0.0,0.0,0.0,1020883.9776738255
2017-08-22,0,0.0,0.0,0.0,1020883.9776738255
2017-08-23,0,0.0,0.0,0.0,1020883.9776738255
2017-08-24,0,0.0,0.0,0.0,1020883.9776738255
2017-08-27,0,0.0,0.0,0.0,1020883.9776738255
2017-08-28,0,0.0,0.0,0.0,1020883.9776738255
2017-08-30,0,0.0,0.0,0.0,1020883.9776738255
2017-08-31,0,0.0,0.0,0.0,1020883.9776738255
2017-09-04,0,0.0,0.0,0.0,1020883.9776738255
2017-09-06,1,-0.053811659192825156,0.006374089269664719,-0.06018574846248988,959441.3113841624
2017-09-07,0,0.0,0.0,0.0,959441.3113841624
2017-09-10,1,-0.009302325581395321,0.006521881103641263,-0.015824206685036583,944258.9137706569
2017-09-11,0,0.0,0.0,0.0,944258.9137706569
2017-09-12,0,0.0,0.0,0.0,944258.9137706569
2017-09-13,0,0.0,0.0,0.0,944258.9137706569
2017-09-14,1,0.03319502074688807,0.00666083539593072,0.026534185350957352,969314.0548079412
2017-09-17,1,0.015261044176706928,0.006601181262668161,0.008659862914038767,977708.1816432291
2017-09-18,1,-0.007911392405063333,0.006525427978356179,-0.014436820383419513,963593.184237446
2017-09-20,0,0.0,0.0,0.0,963593.184237446
2017-09-24,0,0.0,0.0,0.0,963593.184237446
2017-09-25,0,0.0,0.0,0.0,963593.184237446
2017-09-26,0,0.0,0.0,0.0,963593.184237446
2017-10-03,1,-0.03699421965317917,0.006431657903669617,-0.04342587755684879,921748.3046041367
2017-10-04,0,0.0,0.0,0.0,921748.3046041367
2017-10-08,0,0.0,0.0,0.0,921748.3046041367
2017-10-09,0,0.0,0.0,0.0,921748.3046041367
2017-10-10,0,0.0,0.0,0.0,921748.3046041367
2017-10-11,0,0.0,0.0,0.0,921748.3046041367
2017-10-12,0,0.0,0.0,0.0,921748.3046041367
2017-10-15,0,0.0,0.0,0.0,921748.3046041367
2017-10-16,0,0.0,0.0,0.0,921748.3046041367
2017-10-17,0,0.0,0.0,0.0,921748.3046041367
2017-10-18,0,0.0,0.0,0.0,921748.3046041367
2017-10-22,0,0.0,0.0,0.0,921748.3046041367
2017-10-23,0,0.0,0.0,0.0,921748.3046041367
2017-10-24,0,0.0,0.0,0.0,921748.3046041367
2017-10-25,0,0.0,0.0,0.0,921748.3046041367
2017-10-29,0,0.0,0.0,0.0,921748.3046041367
2017-10-30,0,0.0,0.0,0.0,921748.3046041367
2017-10-31,0,0.0,0.0,0.0,921748.3046041367
2017-11-01,0,0.0,0.0,0.0,921748.3046041367
2017-11-02,0,0.0,0.0,0.0,921748.3046041367
2017-11-05,0,0.0,0.0,0.0,921748.3046041367
2017-11-06,0,0.0,0.0,0.0,921748.3046041367
2017-11-07,0,0.0,0.0,0.0,921748.3046041367
2017-11-08,0,0.0,0.0,0.0,921748.3046041367
2017-11-09,0,0.0,0.0,0.0,921748.3046041367
2017-11-12,0,0.0,0.0,0.0,921748.3046041367
2017-11-13,0,0.0,0.0,0.0,921748.3046041367
2017-11-14,0,0.0,0.0,0.0,921748.3046041367
2017-11-15,0,0.0,0.0,0.0,921748.3046041367
2017-11-16,0,0.0,0.0,0.0,921748.3046041367
2017-11-19,0,0.0,0.0,0.0,921748.3046041367
2017-11-20,0,0.0,0.0,0.0,921748.3046041367
2017-11-21,0,0.0,0.0,0.0,921748.3046041367
2017-11-22,0,0.0,0.0,0.0,921748.3046041367
2017-11-23,0,0.0,0.0,0.0,921748.3046041367
2017-11-26,0,0.0,0.0,0.0,921748.3046041367
2017-11-27,0,0.0,0.0,0.0,921748.3046041367
2017-11-28,1,-0.002452984464431762,0.006546272543605664,-0.008999257008037425,913453.2547142814
2017-11-29,1,-0.009375000000000022,0.006524268588492093,-0.015899268588492117,898930.0160745467
2017-11-30,0,0.0,0.0,0.0,898930.0160745467
2017-12-04,0,0.0,0.0,0.0,898930.0160745467
2017-12-05,0,0.0,0.0,0.0,898930.0160745467
2017-12-06,0,0.0,0.0,0.0,898930.0160745467
2017-12-10,0,0.0,0.0,0.0,898930.0160745467
2017-12-11,0,0.0,0.0,0.0,898930.0160745467
2017-12-12,0,0.0,0.0,0.0,898930.0160745467
2017-12-13,1,-0.010370370370370363,0.006521917978858794,-0.016892288349229158,883745.0310372383
2017-12-14,0,0.0,0.0,0.0,883745.0310372383
2017-12-17,0,0.0,0.0,0.0,883745.0310372383
2017-12-18,0,0.0,0.0,0.0,883745.0310372383
2017-12-19,0,0.0,0.0,0.0,883745.0310372383
2017-12-20,0,0.0,0.0,0.0,883745.0310372383
2017-12-21,0,0.0,0.0,0.0,883745.0310372383
2017-12-24,0,0.0,0.0,0.0,883745.0310372383
2017-12-26,0,0.0,0.0,0.0,883745.0310372383
2017-12-27,0,0.0,0.0,0.0,883745.0310372383
2017-12-28,0,0.0,0.0,0.0,883745.0310372383
2017-12-31,0,0.0,0.0,0.0,883745.0310372383
2018-01-01,1,0.031137724550898138,0.00665777500918195,0.024479949541716187,905379.0648047724
2018-01-02,1,-0.005807200929152101,0.006536352084230484,-0.012343553013382585,894203.4703211479
2018-01-03,0,0.0,0.0,0.0,894203.4703211479
2018-01-04,0,0.0,0.0,0.0,894203.4703211479
2018-01-07,0,0.0,0.0,0.0,894203.4703211479
2018-01-08,0,0.0,0.0,0.0,894203.4703211479
2018-01-09,0,0.0,0.0,0.0,894203.4703211479
2018-01-10,0,0.0,0.0,0.0,894203.4703211479
2018-01-14,0,0.0,0.0,0.0,894203.4703211479
2018-01-16,0,0.0,0.0,0.0,894203.4703211479
2018-01-17,0,0.0,0.0,0.0,894203.4703211479
2018-01-21,0,0.0,0.0,0.0,894203.4703211479
2018-01-22,0,0.0,0.0,0.0,894203.4703211479
2018-01-23,0,0.0,0.0,0.0,894203.4703211479
2018-01-24,0,0.0,0.0,0.0,894203.4703211479
2018-01-25,0,0.0,0.0,0.0,894203.4703211479
2018-01-28,0,0.0,0.0,0.0,894203.4703211479
2018-01-29,0,0.0,0.0,0.0,894203.4703211479
2018-01-31,0,0.0,0.0,0.0,894203.4703211479
2018-02-01,0,0.0,0.0,0.0,894203.4703211479
2018-02-04,0,0.0,0.0,0.0,894203.4703211479
2018-02-05,0,0.0,0.0,0.0,894203.4703211479
2018-02-06,0,0.0,0.0,0.0,894203.4703211479
2018-02-07,0,0.0,0.0,0.0,894203.4703211479
2018-02-08,0,0.0,0.0,0.0,894203.4703211479
2018-02-11,0,0.0,0.0,0.0,894203.4703211479
2018-02-12,0,0.0,0.0,0.0,894203.4703211479
2018-02-14,0,0.0,0.0,0.0,894203.4703211479
2018-02-15,0,0.0,0.0,0.0,894203.4703211479
2018-02-18,0,0.0,0.0,0.0,894203.4703211479
2018-02-20,0,0.0,0.0,0.0,894203.4703211479
2018-02-21,0,0.0,0.0,0.0,894203.4703211479
2018-02-22,0,0.0,0.0,0.0,894203.4703211479
2018-02-25,0,0.0,0.0,0.0,894203.4703211479
2018-02-26,0,0.0,0.0,0.0,894203.4703211479
2018-02-27,0,0.0,0.0,0.0,894203.4703211479
2018-02-28,0,0.0,0.0,0.0,894203.4703211479
2018-03-04,0,0.0,0.0,0.0,894203.4703211479
2018-03-05,0,0.0,0.0,0.0,894203.4703211479
2018-03-06,1,0.03592814371257491,0.0066726821525440756,0.029255461560030838,920363.8055739745
2018-03-07,0,0.0,0.0,0.0,920363.8055739745
2018-03-11,0,0.0,0.0,0.0,920363.8055739745
2018-03-12,0,0.0,0.0,0.0,920363.8055739745
2018-03-13,0,0.0,0.0,0.0,920363.8055739745
2018-03-14,0,0.0,0.0,0.0,920363.8055739745
2018-03-15,0,0.0,0.0,0.0,920363.8055739745
2018-03-18,0,0.0,0.0,0.0,920363.8055739745
2018-03-19,0,0.0,0.0,0.0,920363.8055739745
2018-03-20,0,0.0,0.0,0.0,920363.8055739745
2018-03-21,0,0.0,0.0,0.0,920363.8055739745
2018-03-22,0,0.0,0.0,0.0,920363.8055739745
2018-03-26,0,0.0,0.0,0.0,920363.8055739745
2018-03-27,0,0.0,0.0,0.0,920363.8055739745
2018-03-28,0,0.0,0.0,0.0,920363.8055739745
2018-03-29,0,0.0,0.0,0.0,920363.8055739745
2018-04-01,0,0.0,0.0,0.0,920363.8055739745
2018-04-02,0,0.0,0.0,0.0,920363.8055739745
2018-04-03,0,0.0,0.0,0.0,920363.8055739745
2018-04-04,1,0.041860465116279055,0.006690372854859992,0.03517009226141907,952733.085530082
2018-04-05,0,0.0,0.0,0.0,952733.085530082
2018-04-08,0,0.0,0.0,0.0,952733.085530082
2018-04-09,0,0.0,0.0,0.0,952733.085530082
2018-04-10,0,0.0,0.0,0.0,952733.085530082
2018-04-11,0,0.0,0.0,0.0,952733.085530082
2018-04-12,0,0.0,0.0,0.0,952733.085530082
2018-04-15,0,0.0,0.0,0.0,952733.085530082
2018-04-16,0,0.0,0.0,0.0,952733.085530082
2018-04-17,0,0.0,0.0,0.0,952733.085530082
2018-04-18,0,0.0,0.0,0.0,952733.085530082
2018-04-19,0,0.0,0.0,0.0,952733.085530082
2018-04-22,0,0.0,0.0,0.0,952733.085530082
2018-04-23,0,0.0,0.0,0.0,952733.085530082
2018-04-24,0,0.0,0.0,0.0,952733.085530082
2018-04-25,0,0.0,0.0,0.0,952733.085530082
2018-04-26,0,0.0,0.0,0.0,952733.085530082
2018-04-29,0,0.0,0.0,0.0,952733.085530082
2018-05-02,0,0.0,0.0,0.0,952733.085530082
2018-05-03,0,0.0,0.0,0.0,952733.085530082
2018-05-06,0,0.0,0.0,0.0,952733.085530082
2018-05-07,0,0.0,0.0,0.0,952733.085530082
2018-05-08,0,0.0,0.0,0.0,952733.085530082
2018-05-09,0,0.0,0.0,0.0,952733.085530082
2018-05-10,0,0.0,0.0,0.0,952733.085530082
2018-05-14,0,0.0,0.0,0.0,952733.085530082
2018-05-15,0,0.0,0.0,0.0,952733.085530082
2018-05-16,0,0.0,0.0,0.0,952733.085530082
2018-05-17,0,0.0,0.0,0.0,952733.085530082
2018-05-20,0,0.0,0.0,0.0,952733.085530082
2018-05-21,0,0.0,0.0,0.0,952733.085530082
2018-05-22,0,0.0,0.0,0.0,952733.085530082
2018-05-23,0,0.0,0.0,0.0,952733.085530082
2018-05-24,0,0.0,0.0,0.0,952733.085530082
2018-05-27,0,0.0,0.0,0.0,952733.085530082
2018-05-28,0,0.0,0.0,0.0,952733.085530082
2018-05-29,0,0.0,0.0,0.0,952733.085530082
2018-05-30,0,0.0,0.0,0.0,952733.085530082
2018-05-31,0,0.0,0.0,0.0,952733.085530082
2018-06-03,0,0.0,0.0,0.0,952733.085530082
2018-06-04,0,0.0,0.0,0.0,952733.085530082
2018-06-06,0,0.0,0.0,0.0,952733.085530082
2018-06-07,0,0.0,0.0,0.0,952733.085530082
2018-06-10,0,0.0,0.0,0.0,952733.085530082
2018-06-11,0,0.0,0.0,0.0,952733.085530082
2018-06-12,0,0.0,0.0,0.0,952733.085530082
2018-06-13,0,0.0,0.0,0.0,952733.085530082
2018-06-14,0,0.0,0.0,0.0,952733.085530082
2018-06-17,0,0.0,0.0,0.0,952733.085530082
2018-06-18,0,0.0,0.0,0.0,952733.085530082
2018-06-19,0,0.0,0.0,0.0,952733.085530082
2018-06-20,0,0.0,0.0,0.0,952733.085530082
2018-06-21,0,0.0,0.0,0.0,952733.085530082
2018-06-24,0,0.0,0.0,0.0,952733.085530082
2018-06-25,0,0.0,0.0,0.0,952733.085530082
2018-06-26,0,0.0,0.0,0.0,952733.085530082
2018-06-27,0,0.0,0.0,0.0,952733.085530082
2018-06-28,0,0.0,0.0,0.0,952733.085530082
2018-07-01,0,0.0,0.0,0.0,952733.085530082
2018-07-02,0,0.0,0.0,0.0,952733.085530082
2018-07-03,0,0.0,0.0,0.0,952733.085530082
2018-07-04,0,0.0,0.0,0.0,952733.085530082
2018-07-05,0,0.0,0.0,0.0,952733.085530082
2018-07-08,0,0.0,0.0,0.0,952733.085530082
2018-07-09,0,0.0,0.0,0.0,952733.085530082
2018-07-10,0,0.0,0.0,0.0,952733.085530082
2018-07-11,0,0.0,0.0,0.0,952733.085530082
2018-07-12,0,0.0,0.0,0.0,952733.085530082
2018-07-15,0,0.0,0.0,0.0,952733.085530082
2018-07-16,0,0.0,0.0,0.0,952733.085530082
2018-07-17,0,0.0,0.0,0.0,952733.085530082
2018-07-18,0,0.0,0.0,0.0,952733.085530082
2018-07-19,0,0.0,0.0,0.0,952733.085530082
2018-07-22,0,0.0,0.0,0.0,952733.085530082
2018-07-23,0,0.0,0.0,0.0,952733.085530082
2018-07-24,0,0.0,0.0,0.0,952733.085530082
2018-07-25,0,0.0,0.0,0.0,952733.085530082
2018-07-26,0,0.0,0.0,0.0,952733.085530082
2018-07-29,0,0.0,0.0,0.0,952733.085530082
2018-07-30,0,0.0,0.0,0.0,952733.085530082
2018-07-31,0,0.0,0.0,0.0,952733.085530082
2018-08-01,0,0.0,0.0,0.0,952733.085530082
2018-08-02,0,0.0,0.0,0.0,952733.085530082
2018-08-05,0,0.0,0.0,0.0,952733.085530082
2018-08-06,0,0.0,0.0,0.0,952733.085530082
2018-08-07,0,0.0,0.0,0.0,952733.085530082
2018-08-08,0,0.0,0.0,0.0,952733.085530082
2018-08-09,0,0.0,0.0,0.0,952733.085530082
2018-08-12,0,0.0,0.0,0.0,952733.085530082
2018-08-13,0,0.0,0.0,0.0,952733.085530082
2018-08-14,0,0.0,0.0,0.0,952733.085530082
2018-08-15,0,0.0,0.0,0.0,952733.085530082
2018-08-16,0,0.0,0.0,0.0,952733.085530082
2018-08-19,0,0.0,0.0,0.0,952733.085530082
2018-08-20,0,0.0,0.0,0.0,952733.085530082
2018-08-21,0,0.0,0.0,0.0,952733.085530082
2018-08-22,0,0.0,0.0,0.0,952733.085530082
2018-08-23,0,0.0,0.0,0.0,952733.085530082
2018-08-26,0,0.0,0.0,0.0,952733.085530082
2018-08-28,0,0.0,0.0,0.0,952733.085530082
2018-08-29,0,0.0,0.0,0.0,952733.085530082
2018-08-30,0,0.0,0.0,0.0,952733.085530082
2018-09-02,0,0.0,0.0,0.0,952733.085530082
2018-09-03,0,0.0,0.0,0.0,952733.085530082
2018-09-04,0,0.0,0.0,0.0,952733.085530082
2018-09-05,0,0.0,0.0,0.0,952733.085530082
2018-09-06,0,0.0,0.0,0.0,952733.085530082
2018-09-09,0,0.0,0.0,0.0,952733.085530082
2018-09-10,0,0.0,0.0,0.0,952733.085530082
2018-09-11,0,0.0,0.0,0.0,952733.085530082
2018-09-12,0,0.0,0.0,0.0,952733.085530082
2018-09-13,0,0.0,0.0,0.0,952733.085530082
2018-09-16,0,0.0,0.0,0.0,952733.085530082
2018-09-17,0,0.0,0.0,0.0,952733.085530082
2018-09-18,0,0.0,0.0,0.0,952733.085530082
2018-09-20,0,0.0,0.0,0.0,952733.085530082
2018-09-23,0,0.0,0.0,0.0,952733.085530082
2018-09-25,0,0.0,0.0,0.0,952733.085530082
2018-09-26,0,0.0,0.0,0.0,952733.085530082
2018-09-27,0,0.0,0.0,0.0,952733.085530082
2018-09-30,0,0.0,0.0,0.0,952733.085530082
2018-10-01,0,0.0,0.0,0.0,952733.085530082
2018-10-02,0,0.0,0.0,0.0,952733.085530082
2018-10-03,0,0.0,0.0,0.0,952733.085530082
2018-10-04,0,0.0,0.0,0.0,952733.085530082
2018-10-07,0,0.0,0.0,0.0,952733.085530082
2018-10-08,0,0.0,0.0,0.0,952733.085530082
2018-10-09,0,0.0,0.0,0.0,952733.085530082
2018-10-10,0,0.0,0.0,0.0,952733.085530082
2018-10-11,0,0.0,0.0,0.0,952733.085530082
2018-10-14,0,0.0,0.0,0.0,952733.085530082
2018-10-15,0,0.0,0.0,0.0,952733.085530082
2018-10-21,0,0.0,0.0,0.0,952733.085530082
2018-10-22,0,0.0,0.0,0.0,952733.085530082
2018-10-23,0,0.0,0.0,0.0,952733.085530082
2018-10-24,0,0.0,0.0,0.0,952733.085530082
2018-10-25,0,0.0,0.0,0.0,952733.085530082
2018-10-28,0,0.0,0.0,0.0,952733.085530082
2018-10-29,0,0.0,0.0,0.0,952733.085530082
2018-10-30,0,0.0,0.0,0.0,952733.085530082
2018-10-31,0,0.0,0.0,0.0,952733.085530082
2018-11-01,0,0.0,0.0,0.0,952733.085530082
2018-11-04,0,0.0,0.0,0.0,952733.085530082
2018-11-05,0,0.0,0.0,0.0,952733.085530082
2018-11-06,0,0.0,0.0,0.0,952733.085530082
2018-11-11,0,0.0,0.0,0.0,952733.085530082
2018-11-12,0,0.0,0.0,0.0,952733.085530082
2018-11-13,0,0.0,0.0,0.0,952733.085530082
2018-11-14,0,0.0,0.0,0.0,952733.085530082
2018-11-15,0,0.0,0.0,0.0,952733.085530082
2018-11-18,0,0.0,0.0,0.0,952733.085530082
2018-11-19,0,0.0,0.0,0.0,952733.085530082
2018-11-20,0,0.0,0.0,0.0,952733.085530082
2018-11-21,0,0.0,0.0,0.0,952733.085530082
2018-11-22,0,0.0,0.0,0.0,952733.085530082
2018-11-25,0,0.0,0.0,0.0,952733.085530082
2018-11-26,0,0.0,0.0,0.0,952733.085530082
2018-11-27,0,0.0,0.0,0.0,952733.085530082
2018-11-28,0,0.0,0.0,0.0,952733.085530082
2018-11-29,0,0.0,0.0,0.0,952733.085530082
2018-12-02,0,0.0,0.0,0.0,952733.085530082
2018-12-03,0,0.0,0.0,0.0,952733.085530082
2018-12-04,0,0.0,0.0,0.0,952733.085530082
2018-12-05,0,0.0,0.0,0.0,952733.085530082
2018-12-06,0,0.0,0.0,0.0,952733.085530082
2018-12-09,0,0.0,0.0,0.0,952733.085530082
2018-12-10,0,0.0,0.0,0.0,952733.085530082
2018-12-11,0,0.0,0.0,0.0,952733.085530082
2018-12-12,0,0.0,0.0,0.0,952733.085530082
2018-12-13,0,0.0,0.0,0.0,952733.085530082
2018-12-16,0,0.0,0.0,0.0,952733.085530082
2018-12-17,0,0.0,0.0,0.0,952733.085530082
2018-12-18,0,0.0,0.0,0.0,952733.085530082
2018-12-19,0,0.0,0.0,0.0,952733.085530082
2018-12-20,0,0.0,0.0,0.0,952733.085530082
2018-12-23,0,0.0,0.0,0.0,952733.085530082
2018-12-24,0,0.0,0.0,0.0,952733.085530082
2018-12-25,0,0.0,0.0,0.0,952733.085530082
2018-12-26,0,0.0,0.0,0.0,952733.085530082
2018-12-27,0,0.0,0.0,0.0,952733.085530082
2018-12-30,0,0.0,0.0,0.0,952733.085530082
2018-12-31,0,0.0,0.0,0.0,952733.085530082
2019-01-01,0,0.0,0.0,0.0,952733.085530082
2019-01-02,0,0.0,0.0,0.0,952733.085530082
2019-01-03,0,0.0,0.0,0.0,952733.085530082
2019-01-06,0,0.0,0.0,0.0,952733.085530082
2019-01-07,0,0.0,0.0,0.0,952733.085530082
2019-01-08,0,0.0,0.0,0.0,952733.085530082
2019-01-09,0,0.0,0.0,0.0,952733.085530082
2019-01-10,0,0.0,0.0,0.0,952733.085530082
2019-01-13,0,0.0,0.0,0.0,952733.085530082
2019-01-14,0,0.0,0.0,0.0,952733.085530082
2019-01-15,0,0.0,0.0,0.0,952733.085530082
2019-01-16,0,0.0,0.0,0.0,952733.085530082
2019-01-17,0,0.0,0.0,0.0,952733.085530082
2019-01-20,0,0.0,0.0,0.0,952733.085530082
2019-01-21,0,0.0,0.0,0.0,952733.085530082
2019-01-22,0,0.0,0.0,0.0,952733.085530082
2019-01-23,1,-0.013667425968109326,0.006508061461438291,-0.02017548742954762,933511.2311392557
2019-01-24,0,0.0,0.0,0.0,933511.2311392557
2019-01-27,0,0.0,0.0,0.0,933511.2311392557
2019-01-28,0,0.0,0.0,0.0,933511.2311392557
2019-01-29,0,0.0,0.0,0.0,933511.2311392557
2019-01-30,0,0.0,0.0,0.0,933511.2311392557
2019-01-31,0,0.0,0.0,0.0,933511.2311392557
2019-02-03,0,0.0,0.0,0.0,933511.2311392557
2019-02-04,0,0.0,0.0,0.0,933511.2311392557
2019-02-05,0,0.0,0.0,0.0,933511.2311392557
2019-02-06,0,0.0,0.0,0.0,933511.2311392557
2019-02-07,0,0.0,0.0,0.0,933511.2311392557
2019-02-10,0,0.0,0.0,0.0,933511.2311392557
2019-02-11,0,0.0,0.0,0.0,933511.2311392557
2019-02-12,0,0.0,0.0,0.0,933511.2311392557
2019-02-13,0,0.0,0.0,0.0,933511.2311392557
2019-02-14,0,0.0,0.0,0.0,933511.2311392557
2019-02-17,0,0.0,0.0,0.0,933511.2311392557
2019-02-18,0,0.0,0.0,0.0,933511.2311392557
2019-02-19,0,0.0,0.0,0.0,933511.2311392557
2019-02-20,0,0.0,0.0,0.0,933511.2311392557
2019-02-21,0,0.0,0.0,0.0,933511.2311392557
2019-02-24,0,0.0,0.0,0.0,933511.2311392557
2019-02-25,0,0.0,0.0,0.0,933511.2311392557
2019-02-26,0,0.0,0.0,0.0,933511.2311392557
2019-02-27,0,0.0,0.0,0.0,933511.2311392557
2019-03-03,0,0.0,0.0,0.0,933511.2311392557
2019-03-05,0,0.0,0.0,0.0,933511.2311392557
2019-03-06,0,0.0,0.0,0.0,933511.2311392557
2019-03-07,0,0.0,0.0,0.0,933511.2311392557
2019-03-10,0,0.0,0.0,0.0,933511.2311392557
2019-03-11,0,0.0,0.0,0.0,933511.2311392557
2019-03-12,0,0.0,0.0,0.0,933511.2311392557
2019-03-13,0,0.0,0.0,0.0,933511.2311392557
2019-03-14,0,0.0,0.0,0.0,933511.2311392557
2019-03-17,0,0.0,0.0,0.0,933511.2311392557
2019-03-18,0,0.0,0.0,0.0,933511.2311392557
2019-03-19,0,0.0,0.0,0.0,933511.2311392557
2019-03-21,0,0.0,0.0,0.0,933511.2311392557
2019-03-24,0,0.0,0.0,0.0,933511.2311392557
2019-03-25,0,0.0,0.0,0.0,933511.2311392557
2019-03-26,0,0.0,0.0,0.0,933511.2311392557
2019-03-27,0,0.0,0.0,0.0,933511.2311392557
2019-03-28,0,0.0,0.0,0.0,933511.2311392557
2019-03-31,0,0.0,0.0,0.0,933511.2311392557
2019-04-01,0,0.0,0.0,0.0,933511.2311392557
2019-04-02,0,0.0,0.0,0.0,933511.2311392557
2019-04-03,0,0.0,0.0,0.0,933511.2311392557
2019-04-04,0,0.0,0.0,0.0,933511.2311392557
2019-04-07,0,0.0,0.0,0.0,933511.2311392557
2019-04-08,0,0.0,0.0,0.0,933511.2311392557
2019-04-09,0,0.0,0.0,0.0,933511.2311392557
2019-04-10,0,0.0,0.0,0.0,933511.2311392557
2019-04-11,0,0.0,0.0,0.0,933511.2311392557
2019-04-15,0,0.0,0.0,0.0,933511.2311392557
2019-04-16,0,0.0,0.0,0.0,933511.2311392557
2019-04-17,0,0.0,0.0,0.0,933511.2311392557
2019-04-18,1,0.07765451664025358,0.006805938398627138,0.07084857824162644,999649.1746380622
2019-04-21,1,0.02499999999999991,0.006631267547424178,0.018368732452575733,1018011.4628734268
2019-04-22,0,0.0,0.0,0.0,1018011.4628734268
2019-04-23,0,0.0,0.0,0.0,1018011.4628734268
2019-04-24,0,0.0,0.0,0.0,1018011.4628734268
2019-04-25,0,0.0,0.0,0.0,1018011.4628734268
2019-04-28,1,0.04527402700556005,0.006696255948275771,0.03857777105728428,1057284.076021849
2019-04-29,0,0.0,0.0,0.0,1057284.076021849
2019-04-30,0,0.0,0.0,0.0,1057284.076021849
2019-05-02,0,0.0,0.0,0.0,1057284.076021849
2019-05-05,0,0.0,0.0,0.0,1057284.076021849
2019-05-06,0,0.0,0.0,0.0,1057284.076021849
2019-05-07,0,0.0,0.0,0.0,1057284.076021849
2019-05-08,0,0.0,0.0,0.0,1057284.076021849
2019-05-09,0,0.0,0.0,0.0,1057284.076021849
2019-05-12,0,0.0,0.0,0.0,1057284.076021849
2019-05-13,0,0.0,0.0,0.0,1057284.076021849
2019-05-14,0,0.0,0.0,0.0,1057284.076021849
2019-05-15,0,0.0,0.0,0.0,1057284.076021849
2019-05-16,0,0.0,0.0,0.0,1057284.076021849
2019-05-19,0,0.0,0.0,0.0,1057284.076021849
2019-05-20,0,0.0,0.0,0.0,1057284.076021849
2019-05-21,0,0.0,0.0,0.0,1057284.076021849
2019-05-22,1,-0.05785123966942152,0.006359274450985976,-0.06421051412040749,989395.3219291661
2019-05-23,0,0.0,0.0,0.0,989395.3219291661
2019-05-26,0,0.0,0.0,0.0,989395.3219291661
2019-05-27,0,0.0,0.0,0.0,989395.3219291661
2019-05-28,0,0.0,0.0,0.0,989395.3219291661
2019-05-29,0,0.0,0.0,0.0,989395.3219291661
2019-05-30,0,0.0,0.0,0.0,989395.3219291661
2019-06-02,0,0.0,0.0,0.0,989395.3219291661
2019-06-03,0,0.0,0.0,0.0,989395.3219291661
2019-06-04,0,0.0,0.0,0.0,989395.3219291661
2019-06-06,0,0.0,0.0,0.0,989395.3219291661
2019-06-10,0,0.0,0.0,0.0,989395.3219291661
2019-06-11,0,0.0,0.0,0.0,989395.3219291661
2019-06-12,0,0.0,0.0,0.0,989395.3219291661
2019-06-13,0,0.0,0.0,0.0,989395.3219291661
2019-06-16,0,0.0,0.0,0.0,989395.3219291661
2019-06-17,0,0.0,0.0,0.0,989395.3219291661
2019-06-18,0,0.0,0.0,0.0,989395.3219291661
2019-06-19,0,0.0,0.0,0.0,989395.3219291661
2019-06-20,0,0.0,0.0,0.0,989395.3219291661
2019-06-23,0,0.0,0.0,0.0,989395.3219291661
2019-06-24,0,0.0,0.0,0.0,989395.3219291661
2019-06-25,0,0.0,0.0,0.0,989395.3219291661
2019-06-26,0,0.0,0.0,0.0,989395.3219291661
2019-06-27,0,0.0,0.0,0.0,989395.3219291661
2019-06-30,0,0.0,0.0,0.0,989395.3219291661
2019-07-01,0,0.0,0.0,0.0,989395.3219291661
2019-07-02,0,0.0,0.0,0.0,989395.3219291661
2019-07-03,0,0.0,0.0,0.0,989395.3219291661
2019-07-04,0,0.0,0.0,0.0,989395.3219291661
2019-07-07,0,0.0,0.0,0.0,989395.3219291661
2019-07-08,0,0.0,0.0,0.0,989395.3219291661
2019-07-09,0,0.0,0.0,0.0,989395.3219291661
2019-07-10,0,0.0,0.0,0.0,989395.3219291661
2019-07-11,0,0.0,0.0,0.0,989395.3219291661
2019-07-14,0,0.0,0.0,0.0,989395.3219291661
2019-07-15,0,0.0,0.0,0.0,989395.3219291661
2019-07-16,0,0.0,0.0,0.0,989395.3219291661
2019-07-17,0,0.0,0.0,0.0,989395.3219291661
2019-07-18,0,0.0,0.0,0.0,989395.3219291661
2019-07-21,0,0.0,0.0,0.0,989395.3219291661
2019-07-22,0,0.0,0.0,0.0,989395.3219291661
2019-07-23,0,0.0,0.0,0.0,989395.3219291661
2019-07-24,0,0.0,0.0,0.0,989395.3219291661
2019-07-25,0,0.0,0.0,0.0,989395.3219291661
2019-07-28,0,0.0,0.0,0.0,989395.3219291661
2019-07-29,0,0.0,0.0,0.0,989395.3219291661
2019-07-30,0,0.0,0.0,0.0,989395.3219291661
2019-07-31,0,0.0,0.0,0.0,989395.3219291661
2019-08-01,0,0.0,0.0,0.0,989395.3219291661
2019-08-04,0,0.0,0.0,0.0,989395.3219291661
2019-08-05,0,0.0,0.0,0.0,989395.3219291661
2019-08-06,0,0.0,0.0,0.0,989395.3219291661
2019-08-07,0,0.0,0.0,0.0,989395.3219291661
2019-08-08,0,0.0,0.0,0.0,989395.3219291661
2019-08-11,0,0.0,0.0,0.0,989395.3219291661
2019-08-12,0,0.0,0.0,0.0,989395.3219291661
2019-08-13,0,0.0,0.0,0.0,989395.3219291661
2019-08-14,0,0.0,0.0,0.0,989395.3219291661
2019-08-15,0,0.0,0.0,0.0,989395.3219291661
2019-08-18,0,0.0,0.0,0.0,989395.3219291661
2019-08-19,0,0.0,0.0,0.0,989395.3219291661
2019-08-20,0,0.0,0.0,0.0,989395.3219291661
2019-08-21,0,0.0,0.0,0.0,989395.3219291661
2019-08-22,0,0.0,0.0,0.0,989395.3219291661
2019-08-25,0,0.0,0.0,0.0,989395.3219291661
2019-08-26,0,0.0,0.0,0.0,989395.3219291661
2019-08-27,0,0.0,0.0,0.0,989395.3219291661
2019-08-28,0,0.0,0.0,0.0,989395.3219291661
2019-08-29,0,0.0,0.0,0.0,989395.3219291661
2019-09-01,0,0.0,0.0,0.0,989395.3219291661
2019-09-02,0,0.0,0.0,0.0,989395.3219291661
2019-09-03,0,0.0,0.0,0.0,989395.3219291661
2019-09-04,0,0.0,0.0,0.0,989395.3219291661
2019-09-05,0,0.0,0.0,0.0,989395.3219291661
2019-09-08,0,0.0,0.0,0.0,989395.3219291661
2019-09-09,0,0.0,0.0,0.0,989395.3219291661
2019-09-10,0,0.0,0.0,0.0,989395.3219291661
2019-09-11,0,0.0,0.0,0.0,989395.3219291661
2019-09-12,0,0.0,0.0,0.0,989395.3219291661
2019-09-15,0,0.0,0.0,0.0,989395.3219291661
2019-09-16,0,0.0,0.0,0.0,989395.3219291661
2019-09-17,0,0.0,0.0,0.0,989395.3219291661
2019-09-18,0,0.0,0.0,0.0,989395.3219291661
2019-09-19,0,0.0,0.0,0.0,989395.3219291661
2019-09-22,0,0.0,0.0,0.0,989395.3219291661
2019-09-23,0,0.0,0.0,0.0,989395.3219291661
2019-09-24,0,0.0,0.0,0.0,989395.3219291661
2019-09-25,0,0.0,0.0,0.0,989395.3219291661
2019-09-26,0,0.0,0.0,0.0,989395.3219291661
2019-09-29,0,0.0,0.0,0.0,989395.3219291661
2019-09-30,0,0.0,0.0,0.0,989395.3219291661
2019-10-01,0,0.0,0.0,0.0,989395.3219291661
2019-10-02,0,0.0,0.0,0.0,989395.3219291661
2019-10-03,0,0.0,0.0,0.0,989395.3219291661
2019-10-10,0,0.0,0.0,0.0,989395.3219291661
2019-10-14,0,0.0,0.0,0.0,989395.3219291661
2019-10-15,0,0.0,0.0,0.0,989395.3219291661
2019-10-16,0,0.0,0.0,0.0,989395.3219291661
2019-10-17,0,0.0,0.0,0.0,989395.3219291661
2019-10-20,0,0.0,0.0,0.0,989395.3219291661
2019-10-21,0,0.0,0.0,0.0,989395.3219291661
2019-10-22,0,0.0,0.0,0.0,989395.3219291661
2019-10-23,0,0.0,0.0,0.0,989395.3219291661
2019-10-24,0,0.0,0.0,0.0,989395.3219291661
2019-10-31,0,0.0,0.0,0.0,989395.3219291661
2019-11-03,0,0.0,0.0,0.0,989395.3219291661
2019-11-04,0,0.0,0.0,0.0,989395.3219291661
2019-11-05,0,0.0,0.0,0.0,989395.3219291661
2019-11-06,0,0.0,0.0,0.0,989395.3219291661
2019-11-07,0,0.0,0.0,0.0,989395.3219291661
2019-11-10,0,0.0,0.0,0.0,989395.3219291661
2019-11-11,0,0.0,0.0,0.0,989395.3219291661
2019-11-12,0,0.0,0.0,0.0,989395.3219291661
2019-11-13,0,0.0,0.0,0.0,989395.3219291661
2019-11-14,0,0.0,0.0,0.0,989395.3219291661
2019-11-17,0,0.0,0.0,0.0,989395.3219291661
2019-11-18,0,0.0,0.0,0.0,989395.3219291661
2019-11-19,0,0.0,0.0,0.0,989395.3219291661
2019-11-20,0,0.0,0.0,0.0,989395.3219291661
2019-11-21,0,0.0,0.0,0.0,989395.3219291661
2019-11-24,0,0.0,0.0,0.0,989395.3219291661
2019-11-25,0,0.0,0.0,0.0,989395.3219291661
2019-11-26,0,0.0,0.0,0.0,989395.3219291661
2019-11-27,0,0.0,0.0,0.0,989395.3219291661
2019-11-28,0,0.0,0.0,0.0,989395.3219291661
2019-12-01,0,0.0,0.0,0.0,989395.3219291661
2019-12-02,0,0.0,0.0,0.0,989395.3219291661
2019-12-03,0,0.0,0.0,0.0,989395.3219291661
2019-12-04,0,0.0,0.0,0.0,989395.3219291661
2019-12-05,0,0.0,0.0,0.0,989395.3219291661
2019-12-08,0,0.0,0.0,0.0,989395.3219291661
2019-12-09,0,0.0,0.0,0.0,989395.3219291661
2019-12-10,0,0.0,0.0,0.0,989395.3219291661
2019-12-11,0,0.0,0.0,0.0,989395.3219291661
2019-12-12,0,0.0,0.0,0.0,989395.3219291661
2019-12-15,0,0.0,0.0,0.0,989395.3219291661
2019-12-16,0,0.0,0.0,0.0,989395.3219291661
2019-12-17,0,0.0,0.0,0.0,989395.3219291661
2019-12-18,0,0.0,0.0,0.0,989395.3219291661
2019-12-19,0,0.0,0.0,0.0,989395.3219291661
2019-12-22,0,0.0,0.0,0.0,989395.3219291661
2019-12-23,0,0.0,0.0,0.0,989395.3219291661
2019-12-24,0,0.0,0.0,0.0,989395.3219291661
2019-12-25,0,0.0,0.0,0.0,989395.3219291661
2019-12-26,0,0.0,0.0,0.0,989395.3219291661
2019-12-29,0,0.0,0.0,0.0,989395.3219291661
2019-12-30,0,0.0,0.0,0.0,989395.3219291661
2019-12-31,0,0.0,0.0,0.0,989395.3219291661
2020-01-01,0,0.0,0.0,0.0,989395.3219291661
2020-01-02,0,0.0,0.0,0.0,989395.3219291661
2020-01-05,0,0.0,0.0,0.0,989395.3219291661
2020-01-06,0,0.0,0.0,0.0,989395.3219291661
2020-01-07,0,0.0,0.0,0.0,989395.3219291661
2020-01-08,0,0.0,0.0,0.0,989395.3219291661
2020-01-09,0,0.0,0.0,0.0,989395.3219291661
2020-01-12,1,0.005706134094151105,0.006569080852938192,-0.0008629467587870868,988541.5264429483
2020-01-13,0,0.0,0.0,0.0,988541.5264429483
2020-01-14,0,0.0,0.0,0.0,988541.5264429483
2020-01-15,0,0.0,0.0,0.0,988541.5264429483
2020-01-16,0,0.0,0.0,0.0,988541.5264429483
2020-01-19,1,0.012722646310432628,0.006591928165112442,0.006130718145320186,994601.9959165147
2020-01-20,0,0.0,0.0,0.0,994601.9959165147
2020-01-21,0,0.0,0.0,0.0,994601.9959165147
2020-01-22,0,0.0,0.0,0.0,994601.9959165147
2020-01-23,0,0.0,0.0,0.0,994601.9959165147
2020-01-26,0,0.0,0.0,0.0,994601.9959165147
2020-01-27,0,0.0,0.0,0.0,994601.9959165147
2020-01-28,0,0.0,0.0,0.0,994601.9959165147
2020-01-29,0,0.0,0.0,0.0,994601.9959165147
2020-01-30,0,0.0,0.0,0.0,994601.9959165147
2020-02-02,0,0.0,0.0,0.0,994601.9959165147
2020-02-03,0,0.0,0.0,0.0,994601.9959165147
2020-02-04,0,0.0,0.0,0.0,994601.9959165147
2020-02-05,0,0.0,0.0,0.0,994601.9959165147
2020-02-06,0,0.0,0.0,0.0,994601.9959165147
2020-02-09,0,0.0,0.0,0.0,994601.9959165147
2020-02-10,0,0.0,0.0,0.0,994601.9959165147
2020-02-11,0,0.0,0.0,0.0,994601.9959165147
2020-02-12,0,0.0,0.0,0.0,994601.9959165147
2020-02-13,0,0.0,0.0,0.0,994601.9959165147
2020-02-16,0,0.0,0.0,0.0,994601.9959165147
2020-02-17,0,0.0,0.0,0.0,994601.9959165147
2020-02-18,0,0.0,0.0,0.0,994601.9959165147
2020-02-19,0,0.0,0.0,0.0,994601.9959165147
2020-02-20,0,0.0,0.0,0.0,994601.9959165147
2020-02-23,0,0.0,0.0,0.0,994601.9959165147
2020-02-24,0,0.0,0.0,0.0,994601.9959165147
2020-02-25,1,-0.07964601769911506,0.006291421807511611,-0.08593743950662666,909128.4470592691
2020-02-26,0,0.0,0.0,0.0,909128.4470592691
2020-02-27,0,0.0,0.0,0.0,909128.4470592691
2020-03-01,0,0.0,0.0,0.0,909128.4470592691
2020-03-02,0,0.0,0.0,0.0,909128.4470592691
2020-03-03,1,-0.04347826086956519,0.006413693381220598,-0.04989195425078578,863770.2521705001
2020-03-04,0,0.0,0.0,0.0,863770.2521705001
2020-03-05,0,0.0,0.0,0.0,863770.2521705001
2020-03-10,0,0.0,0.0,0.0,863770.2521705001
2020-03-11,0,0.0,0.0,0.0,863770.2521705001
2020-03-12,0,0.0,0.0,0.0,863770.2521705001
2020-03-15,0,0.0,0.0,0.0,863770.2521705001
2020-03-16,0,0.0,0.0,0.0,863770.2521705001
2020-03-17,0,0.0,0.0,0.0,863770.2521705001
2020-03-18,0,0.0,0.0,0.0,863770.2521705001
2020-03-19,0,0.0,0.0,0.0,863770.2521705001
2020-03-22,0,0.0,0.0,0.0,863770.2521705001
2020-05-12,0,0.0,0.0,0.0,863770.2521705001
2020-05-13,0,0.0,0.0,0.0,863770.2521705001
2020-06-29,0,0.0,0.0,0.0,863770.2521705001
2020-06-30,0,0.0,0.0,0.0,863770.2521705001
2020-07-01,0,0.0,0.0,0.0,863770.2521705001
2020-07-02,0,0.0,0.0,0.0,863770.2521705001
2020-07-05,0,0.0,0.0,0.0,863770.2521705001
2020-07-06,0,0.0,0.0,0.0,863770.2521705001
2020-07-07,0,0.0,0.0,0.0,863770.2521705001
2020-07-08,0,0.0,0.0,0.0,863770.2521705001
2020-07-09,0,0.0,0.0,0.0,863770.2521705001
2020-07-12,0,0.0,0.0,0.0,863770.2521705001
2020-07-13,0,0.0,0.0,0.0,863770.2521705001
2020-07-14,0,0.0,0.0,0.0,863770.2521705001
2020-07-15,0,0.0,0.0,0.0,863770.2521705001
2020-07-16,0,0.0,0.0,0.0,863770.2521705001
2020-07-19,0,0.0,0.0,0.0,863770.2521705001
2020-07-20,0,0.0,0.0,0.0,863770.2521705001
2020-07-21,0,0.0,0.0,0.0,863770.2521705001
2020-07-22,0,0.0,0.0,0.0,863770.2521705001
2020-07-23,0,0.0,0.0,0.0,863770.2521705001
2020-07-26,0,0.0,0.0,0.0,863770.2521705001
2020-07-27,0,0.0,0.0,0.0,863770.2521705001
2020-07-28,0,0.0,0.0,0.0,863770.2521705001
2020-07-29,0,0.0,0.0,0.0,863770.2521705001
2020-07-30,0,0.0,0.0,0.0,863770.2521705001
2020-08-02,0,0.0,0.0,0.0,863770.2521705001
2020-08-03,0,0.0,0.0,0.0,863770.2521705001
2020-08-05,0,0.0,0.0,0.0,863770.2521705001
2020-08-06,0,0.0,0.0,0.0,863770.2521705001
2020-08-09,0,0.0,0.0,0.0,863770.2521705001
2020-08-10,0,0.0,0.0,0.0,863770.2521705001
2020-08-11,0,0.0,0.0,0.0,863770.2521705001
2020-08-12,0,0.0,0.0,0.0,863770.2521705001
2020-08-13,0,0.0,0.0,0.0,863770.2521705001
2020-08-16,0,0.0,0.0,0.0,863770.2521705001
2020-08-17,0,0.0,0.0,0.0,863770.2521705001
2020-08-18,0,0.0,0.0,0.0,863770.2521705001
2020-08-19,0,0.0,0.0,0.0,863770.2521705001
2020-08-20,0,0.0,0.0,0.0,863770.2521705001
2020-08-23,0,0.0,0.0,0.0,863770.2521705001
2020-08-24,0,0.0,0.0,0.0,863770.2521705001
2020-08-25,0,0.0,0.0,0.0,863770.2521705001
2020-08-26,0,0.0,0.0,0.0,863770.2521705001
2020-08-27,0,0.0,0.0,0.0,863770.2521705001
2020-08-30,0,0.0,0.0,0.0,863770.2521705001
2020-08-31,0,0.0,0.0,0.0,863770.2521705001
2020-09-02,2,-0.0063958165728078,0.006993705958583954,-0.013389522531391754,852204.7809171173
2020-09-03,0,0.0,0.0,0.0,852204.7809171173
2020-09-06,0,0.0,0.0,0.0,852204.7809171173
2020-09-07,0,0.0,0.0,0.0,852204.7809171173
2020-09-08,0,0.0,0.0,0.0,852204.7809171173
2020-09-09,0,0.0,0.0,0.0,852204.7809171173
2020-09-10,0,0.0,0.0,0.0,852204.7809171173
2020-09-13,0,0.0,0.0,0.0,852204.7809171173
2020-09-14,0,0.0,0.0,0.0,852204.7809171173
2020-09-15,0,0.0,0.0,0.0,852204.7809171173
2020-09-16,0,0.0,0.0,0.0,852204.7809171173
2020-09-17,0,0.0,0.0,0.0,852204.7809171173
2020-09-20,0,0.0,0.0,0.0,852204.7809171173
2020-09-21,0,0.0,0.0,0.0,852204.7809171173
2020-09-22,0,0.0,0.0,0.0,852204.7809171173
2020-09-23,0,0.0,0.0,0.0,852204.7809171173
2020-09-24,0,0.0,0.0,0.0,852204.7809171173
2020-09-27,0,0.0,0.0,0.0,852204.7809171173
2020-09-28,0,0.0,0.0,0.0,852204.7809171173
2020-09-29,0,0.0,0.0,0.0,852204.7809171173
2020-09-30,0,0.0,0.0,0.0,852204.7809171173
2020-10-01,0,0.0,0.0,0.0,852204.7809171173
2020-10-04,0,0.0,0.0,0.0,852204.7809171173
2020-10-05,0,0.0,0.0,0.0,852204.7809171173
2020-10-06,0,0.0,0.0,0.0,852204.7809171173
2020-10-07,0,0.0,0.0,0.0,852204.7809171173
2020-10-08,0,0.0,0.0,0.0,852204.7809171173
2020-10-11,0,0.0,0.0,0.0,852204.7809171173
2020-10-12,0,0.0,0.0,0.0,852204.7809171173
2020-10-13,0,0.0,0.0,0.0,852204.7809171173
2020-10-14,0,0.0,0.0,0.0,852204.7809171173
2020-10-15,0,0.0,0.0,0.0,852204.7809171173
2020-10-18,0,0.0,0.0,0.0,852204.7809171173
2020-10-19,0,0.0,0.0,0.0,852204.7809171173
2020-10-20,0,0.0,0.0,0.0,852204.7809171173
2020-10-21,0,0.0,0.0,0.0,852204.7809171173
2020-10-22,0,0.0,0.0,0.0,852204.7809171173
2020-10-28,0,0.0,0.0,0.0,852204.7809171173
2020-10-29,0,0.0,0.0,0.0,852204.7809171173
2020-11-01,0,0.0,0.0,0.0,852204.7809171173
2020-11-02,0,0.0,0.0,0.0,852204.7809171173
2020-11-03,0,0.0,0.0,0.0,852204.7809171173
2020-11-04,0,0.0,0.0,0.0,852204.7809171173
2020-11-05,0,0.0,0.0,0.0,852204.7809171173
2020-11-08,0,0.0,0.0,0.0,852204.7809171173
2020-11-09,0,0.0,0.0,0.0,852204.7809171173
2020-11-10,0,0.0,0.0,0.0,852204.7809171173
2020-11-11,1,-0.0049545829892650994,0.006542568949449599,-0.011497151938714699,842406.8530680141
2020-11-12,0,0.0,0.0,0.0,842406.8530680141
2020-11-18,0,0.0,0.0,0.0,842406.8530680141
2020-11-19,0,0.0,0.0,0.0,842406.8530680141
2020-11-22,0,0.0,0.0,0.0,842406.8530680141
2020-11-23,0,0.0,0.0,0.0,842406.8530680141
2020-11-24,0,0.0,0.0,0.0,842406.8530680141
2020-11-25,0,0.0,0.0,0.0,842406.8530680141
2020-11-26,0,0.0,0.0,0.0,842406.8530680141
2020-11-29,1,0.03151862464183375,0.006661789273254005,0.024856835368579744,863346.4215280892
2020-11-30,0,0.0,0.0,0.0,863346.4215280892
2020-12-01,0,0.0,0.0,0.0,863346.4215280892
2020-12-02,2,0.02322797159501322,0.007095964861866735,0.016132006733146485,877273.9318132183
2020-12-03,0,0.0,0.0,0.0,877273.9318132183
2020-12-06,0,0.0,0.0,0.0,877273.9318132183
2020-12-07,0,0.0,0.0,0.0,877273.9318132183
2020-12-08,0,0.0,0.0,0.0,877273.9318132183
2020-12-09,0,0.0,0.0,0.0,877273.9318132183
2020-12-10,0,0.0,0.0,0.0,877273.9318132183
2020-12-13,0,0.0,0.0,0.0,877273.9318132183
2020-12-14,1,-0.03536977491961413,0.006442042971907399,-0.041811817891521524,840593.5139352649
2020-12-15,0,0.0,0.0,0.0,840593.5139352649
2020-12-16,0,0.0,0.0,0.0,840593.5139352649
2020-12-17,0,0.0,0.0,0.0,840593.5139352649
2020-12-20,0,0.0,0.0,0.0,840593.5139352649
2020-12-21,0,0.0,0.0,0.0,840593.5139352649
2020-12-22,1,0.03913228413441083,0.006686661705262539,0.032445622429148294,867867.0937047995
2020-12-23,0,0.0,0.0,0.0,867867.0937047995
2020-12-24,0,0.0,0.0,0.0,867867.0937047995
2020-12-27,0,0.0,0.0,0.0,867867.0937047995
2020-12-28,0,0.0,0.0,0.0,867867.0937047995
2020-12-29,0,0.0,0.0,0.0,867867.0937047995
2020-12-30,0,0.0,0.0,0.0,867867.0937047995
2020-12-31,0,0.0,0.0,0.0,867867.0937047995
2021-01-03,0,0.0,0.0,0.0,867867.0937047995
2021-01-04,0,0.0,0.0,0.0,867867.0937047995
2021-01-05,0,0.0,0.0,0.0,867867.0937047995
2021-01-06,0,0.0,0.0,0.0,867867.0937047995
2021-01-07,0,0.0,0.0,0.0,867867.0937047995
2021-01-10,0,0.0,0.0,0.0,867867.0937047995
2021-01-11,0,0.0,0.0,0.0,867867.0937047995
2021-01-12,0,0.0,0.0,0.0,867867.0937047995
2021-01-13,0,0.0,0.0,0.0,867867.0937047995
2021-01-17,0,0.0,0.0,0.0,867867.0937047995
2021-01-18,0,0.0,0.0,0.0,867867.0937047995
2021-01-19,0,0.0,0.0,0.0,867867.0937047995
2021-01-20,0,0.0,0.0,0.0,867867.0937047995
2021-01-21,0,0.0,0.0,0.0,867867.0937047995
2021-01-24,0,0.0,0.0,0.0,867867.0937047995
2021-01-25,0,0.0,0.0,0.0,867867.0937047995
2021-01-26,0,0.0,0.0,0.0,867867.0937047995
2021-01-27,0,0.0,0.0,0.0,867867.0937047995
2021-01-28,0,0.0,0.0,0.0,867867.0937047995
2021-01-31,0,0.0,0.0,0.0,867867.0937047995
2021-02-01,0,0.0,0.0,0.0,867867.0937047995
2021-02-02,0,0.0,0.0,0.0,867867.0937047995
2021-02-03,0,0.0,0.0,0.0,867867.0937047995
2021-02-04,0,0.0,0.0,0.0,867867.0937047995
2021-02-07,1,-0.015105740181268867,0.006508518852550293,-0.02161425903381916,849108.7895345362
2021-02-08,0,0.0,0.0,0.0,849108.7895345362
2021-02-09,0,0.0,0.0,0.0,849108.7895345362
2021-02-10,0,0.0,0.0,0.0,849108.7895345362
2021-02-11,0,0.0,0.0,0.0,849108.7895345362
2021-02-14,0,0.0,0.0,0.0,849108.7895345362
2021-02-15,1,-0.0064102564102563875,0.006538051936276712,-0.0129483083465331,838114.2671078915
2021-02-16,0,0.0,0.0,0.0,838114.2671078915
2021-02-17,0,0.0,0.0,0.0,838114.2671078915
2021-02-18,0,0.0,0.0,0.0,838114.2671078915
2021-02-21,0,0.0,0.0,0.0,838114.2671078915
2021-02-22,0,0.0,0.0,0.0,838114.2671078915
2021-02-23,0,0.0,0.0,0.0,838114.2671078915
2021-02-24,0,0.0,0.0,0.0,838114.2671078915
2021-02-25,0,0.0,0.0,0.0,838114.2671078915
2021-02-28,0,0.0,0.0,0.0,838114.2671078915
2021-03-01,0,0.0,0.0,0.0,838114.2671078915
2021-03-02,0,0.0,0.0,0.0,838114.2671078915
2021-03-03,0,0.0,0.0,0.0,838114.2671078915
2021-03-04,0,0.0,0.0,0.0,838114.2671078915
2021-03-07,0,0.0,0.0,0.0,838114.2671078915
2021-03-09,0,0.0,0.0,0.0,838114.2671078915
2021-03-10,0,0.0,0.0,0.0,838114.2671078915
2021-03-14,0,0.0,0.0,0.0,838114.2671078915
2021-03-15,0,0.0,0.0,0.0,838114.2671078915
2021-03-16,0,0.0,0.0,0.0,838114.2671078915
2021-03-17,0,0.0,0.0,0.0,838114.2671078915
2021-03-18,0,0.0,0.0,0.0,838114.2671078915
2021-03-21,0,0.0,0.0,0.0,838114.2671078915
2021-03-22,0,0.0,0.0,0.0,838114.2671078915
2021-03-23,0,0.0,0.0,0.0,838114.2671078915
2021-03-24,0,0.0,0.0,0.0,838114.2671078915
2021-03-25,0,0.0,0.0,0.0,838114.2671078915
2021-03-29,0,0.0,0.0,0.0,838114.2671078915
2021-03-30,0,0.0,0.0,0.0,838114.2671078915
2021-03-31,0,0.0,0.0,0.0,838114.2671078915
2021-04-01,0,0.0,0.0,0.0,838114.2671078915
2021-04-04,0,0.0,0.0,0.0,838114.2671078915
2021-04-05,0,0.0,0.0,0.0,838114.2671078915
2021-04-06,0,0.0,0.0,0.0,838114.2671078915
2021-04-07,0,0.0,0.0,0.0,838114.2671078915
2021-04-08,0,0.0,0.0,0.0,838114.2671078915
2021-04-12,0,0.0,0.0,0.0,838114.2671078915
2021-04-13,0,0.0,0.0,0.0,838114.2671078915
2021-04-15,0,0.0,0.0,0.0,838114.2671078915
2021-04-18,0,0.0,0.0,0.0,838114.2671078915
2021-04-19,0,0.0,0.0,0.0,838114.2671078915
2021-04-20,0,0.0,0.0,0.0,838114.2671078915
2021-04-21,0,0.0,0.0,0.0,838114.2671078915
2021-04-22,0,0.0,0.0,0.0,838114.2671078915
2021-04-25,0,0.0,0.0,0.0,838114.2671078915
2021-04-26,0,0.0,0.0,0.0,838114.2671078915
2021-04-27,0,0.0,0.0,0.0,838114.2671078915
2021-04-28,0,0.0,0.0,0.0,838114.2671078915
2021-04-29,0,0.0,0.0,0.0,838114.2671078915
2021-05-02,0,0.0,0.0,0.0,838114.2671078915
2021-05-03,0,0.0,0.0,0.0,838114.2671078915
2021-05-04,0,0.0,0.0,0.0,838114.2671078915
2021-05-05,0,0.0,0.0,0.0,838114.2671078915
2021-05-06,0,0.0,0.0,0.0,838114.2671078915
2021-05-09,0,0.0,0.0,0.0,838114.2671078915
2021-05-10,0,0.0,0.0,0.0,838114.2671078915
2021-05-11,0,0.0,0.0,0.0,838114.2671078915
2021-05-12,0,0.0,0.0,0.0,838114.2671078915
2021-05-13,0,0.0,0.0,0.0,838114.2671078915
2021-05-16,0,0.0,0.0,0.0,838114.2671078915
2021-05-17,0,0.0,0.0,0.0,838114.2671078915
2021-05-18,0,0.0,0.0,0.0,838114.2671078915
2021-05-19,0,0.0,0.0,0.0,838114.2671078915
2021-05-20,0,0.0,0.0,0.0,838114.2671078915
2021-05-23,0,0.0,0.0,0.0,838114.2671078915
2021-05-24,0,0.0,0.0,0.0,838114.2671078915
2021-05-25,0,0.0,0.0,0.0,838114.2671078915
2021-05-27,0,0.0,0.0,0.0,838114.2671078915
2021-05-30,0,0.0,0.0,0.0,838114.2671078915
2021-05-31,0,0.0,0.0,0.0,838114.2671078915
2021-06-01,0,0.0,0.0,0.0,838114.2671078915
2021-06-02,0,0.0,0.0,0.0,838114.2671078915
2021-06-03,0,0.0,0.0,0.0,838114.2671078915
2021-06-06,0,0.0,0.0,0.0,838114.2671078915
2021-06-07,0,0.0,0.0,0.0,838114.2671078915
2021-06-08,0,0.0,0.0,0.0,838114.2671078915
2021-06-09,0,0.0,0.0,0.0,838114.2671078915
2021-06-10,0,0.0,0.0,0.0,838114.2671078915
2021-06-13,0,0.0,0.0,0.0,838114.2671078915
2021-06-14,0,0.0,0.0,0.0,838114.2671078915
2021-06-15,0,0.0,0.0,0.0,838114.2671078915
2021-06-16,0,0.0,0.0,0.0,838114.2671078915
2021-06-17,0,0.0,0.0,0.0,838114.2671078915
2021-06-20,0,0.0,0.0,0.0,838114.2671078915
2021-06-21,0,0.0,0.0,0.0,838114.2671078915
2021-06-22,0,0.0,0.0,0.0,838114.2671078915
2021-06-23,0,0.0,0.0,0.0,838114.2671078915
2021-06-24,0,0.0,0.0,0.0,838114.2671078915
2021-06-27,0,0.0,0.0,0.0,838114.2671078915
2021-06-28,0,0.0,0.0,0.0,838114.2671078915
2021-06-29,0,0.0,0.0,0.0,838114.2671078915
2021-06-30,0,0.0,0.0,0.0,838114.2671078915
2021-07-01,0,0.0,0.0,0.0,838114.2671078915
2021-07-04,0,0.0,0.0,0.0,838114.2671078915
2021-07-05,0,0.0,0.0,0.0,838114.2671078915
2021-07-06,0,0.0,0.0,0.0,838114.2671078915
2021-07-07,0,0.0,0.0,0.0,838114.2671078915
2021-07-08,0,0.0,0.0,0.0,838114.2671078915
2021-07-11,0,0.0,0.0,0.0,838114.2671078915
2021-07-12,0,0.0,0.0,0.0,838114.2671078915
2021-07-13,0,0.0,0.0,0.0,838114.2671078915
2021-07-14,0,0.0,0.0,0.0,838114.2671078915
2021-07-15,0,0.0,0.0,0.0,838114.2671078915
2021-07-18,0,0.0,0.0,0.0,838114.2671078915
2021-07-19,0,0.0,0.0,0.0,838114.2671078915
2021-07-20,0,0.0,0.0,0.0,838114.2671078915
2021-07-22,0,0.0,0.0,0.0,838114.2671078915
2021-07-25,0,0.0,0.0,0.0,838114.2671078915
2021-07-26,0,0.0,0.0,0.0,838114.2671078915
2021-07-27,0,0.0,0.0,0.0,838114.2671078915
2021-07-28,0,0.0,0.0,0.0,838114.2671078915
2021-07-29,0,0.0,0.0,0.0,838114.2671078915
2021-08-01,0,0.0,0.0,0.0,838114.2671078915
2021-08-02,0,0.0,0.0,0.0,838114.2671078915
2021-08-03,0,0.0,0.0,0.0,838114.2671078915
2021-08-04,0,0.0,0.0,0.0,838114.2671078915
2021-08-05,0,0.0,0.0,0.0,838114.2671078915
2021-08-08,0,0.0,0.0,0.0,838114.2671078915
2021-08-09,0,0.0,0.0,0.0,838114.2671078915
2021-08-10,0,0.0,0.0,0.0,838114.2671078915
2021-08-11,0,0.0,0.0,0.0,838114.2671078915
2021-08-12,0,0.0,0.0,0.0,838114.2671078915
2021-08-15,0,0.0,0.0,0.0,838114.2671078915
2021-08-16,0,0.0,0.0,0.0,838114.2671078915
2021-08-17,0,0.0,0.0,0.0,838114.2671078915
2021-08-18,0,0.0,0.0,0.0,838114.2671078915
2021-08-19,0,0.0,0.0,0.0,838114.2671078915
2021-08-24,0,0.0,0.0,0.0,838114.2671078915
2021-08-25,0,0.0,0.0,0.0,838114.2671078915
2021-08-26,0,0.0,0.0,0.0,838114.2671078915
2021-08-29,0,0.0,0.0,0.0,838114.2671078915
2021-08-31,0,0.0,0.0,0.0,838114.2671078915
2021-09-01,0,0.0,0.0,0.0,838114.2671078915
2021-09-02,0,0.0,0.0,0.0,838114.2671078915
2021-09-05,0,0.0,0.0,0.0,838114.2671078915
2021-09-06,0,0.0,0.0,0.0,838114.2671078915
2021-09-07,0,0.0,0.0,0.0,838114.2671078915
2021-09-08,0,0.0,0.0,0.0,838114.2671078915
2021-09-09,0,0.0,0.0,0.0,838114.2671078915
2021-09-12,0,0.0,0.0,0.0,838114.2671078915
2021-09-13,0,0.0,0.0,0.0,838114.2671078915
2021-09-14,0,0.0,0.0,0.0,838114.2671078915
2021-09-15,0,0.0,0.0,0.0,838114.2671078915
2021-09-16,0,0.0,0.0,0.0,838114.2671078915
2021-09-20,0,0.0,0.0,0.0,838114.2671078915
2021-09-21,0,0.0,0.0,0.0,838114.2671078915
2021-09-22,0,0.0,0.0,0.0,838114.2671078915
2021-09-23,0,0.0,0.0,0.0,838114.2671078915
2021-09-26,0,0.0,0.0,0.0,838114.2671078915
2021-09-27,0,0.0,0.0,0.0,838114.2671078915
2021-09-28,0,0.0,0.0,0.0,838114.2671078915
2021-09-29,1,-0.04693877551020409,0.006407106715967733,-0.05334588222617182,793404.3221226796
2021-09-30,0,0.0,0.0,0.0,793404.3221226796
2021-10-03,0,0.0,0.0,0.0,793404.3221226796
2021-10-04,0,0.0,0.0,0.0,793404.3221226796
2021-10-05,0,0.0,0.0,0.0,793404.3221226796
2021-10-06,0,0.0,0.0,0.0,793404.3221226796
2021-10-10,0,0.0,0.0,0.0,793404.3221226796
2021-10-11,0,0.0,0.0,0.0,793404.3221226796
2021-10-17,0,0.0,0.0,0.0,793404.3221226796
2021-10-18,0,0.0,0.0,0.0,793404.3221226796
2021-10-19,0,0.0,0.0,0.0,793404.3221226796
2021-10-20,0,0.0,0.0,0.0,793404.3221226796
2021-10-21,0,0.0,0.0,0.0,793404.3221226796
2021-10-24,0,0.0,0.0,0.0,793404.3221226796
2021-10-25,0,0.0,0.0,0.0,793404.3221226796
2021-10-26,0,0.0,0.0,0.0,793404.3221226796
2021-10-27,0,0.0,0.0,0.0,793404.3221226796
2021-10-28,0,0.0,0.0,0.0,793404.3221226796
2021-10-31,0,0.0,0.0,0.0,793404.3221226796
2021-11-01,0,0.0,0.0,0.0,793404.3221226796
2021-11-02,0,0.0,0.0,0.0,793404.3221226796
2021-11-03,0,0.0,0.0,0.0,793404.3221226796
2021-11-08,0,0.0,0.0,0.0,793404.3221226796
2021-11-09,0,0.0,0.0,0.0,793404.3221226796
2021-11-11,0,0.0,0.0,0.0,793404.3221226796
2021-11-14,0,0.0,0.0,0.0,793404.3221226796
2021-11-15,0,0.0,0.0,0.0,793404.3221226796
2021-11-16,0,0.0,0.0,0.0,793404.3221226796
2021-11-17,0,0.0,0.0,0.0,793404.3221226796
2021-11-18,0,0.0,0.0,0.0,793404.3221226796
2021-11-21,0,0.0,0.0,0.0,793404.3221226796
2021-11-22,0,0.0,0.0,0.0,793404.3221226796
2021-11-23,0,0.0,0.0,0.0,793404.3221226796
2021-11-24,0,0.0,0.0,0.0,793404.3221226796
2021-11-25,0,0.0,0.0,0.0,793404.3221226796
2021-11-28,0,0.0,0.0,0.0,793404.3221226796
2021-11-29,0,0.0,0.0,0.0,793404.3221226796
2021-11-30,0,0.0,0.0,0.0,793404.3221226796
2021-12-01,0,0.0,0.0,0.0,793404.3221226796
2021-12-02,0,0.0,0.0,0.0,793404.3221226796
2021-12-05,0,0.0,0.0,0.0,793404.3221226796
2021-12-06,0,0.0,0.0,0.0,793404.3221226796
2021-12-07,0,0.0,0.0,0.0,793404.3221226796
2021-12-08,0,0.0,0.0,0.0,793404.3221226796
2021-12-09,0,0.0,0.0,0.0,793404.3221226796
2021-12-12,0,0.0,0.0,0.0,793404.3221226796
2021-12-13,0,0.0,0.0,0.0,793404.3221226796
2021-12-14,0,0.0,0.0,0.0,793404.3221226796
2021-12-15,0,0.0,0.0,0.0,793404.3221226796
2021-12-16,0,0.0,0.0,0.0,793404.3221226796
2021-12-20,0,0.0,0.0,0.0,793404.3221226796
2021-12-21,0,0.0,0.0,0.0,793404.3221226796
2021-12-22,0,0.0,0.0,0.0,793404.3221226796
2021-12-23,0,0.0,0.0,0.0,793404.3221226796
2021-12-26,0,0.0,0.0,0.0,793404.3221226796
2021-12-27,0,0.0,0.0,0.0,793404.3221226796
2021-12-28,0,0.0,0.0,0.0,793404.3221226796
2021-12-29,0,0.0,0.0,0.0,793404.3221226796
2022-01-02,0,0.0,0.0,0.0,793404.3221226796
2022-01-03,0,0.0,0.0,0.0,793404.3221226796
2022-01-04,0,0.0,0.0,0.0,793404.3221226796
2022-01-05,0,0.0,0.0,0.0,793404.3221226796
2022-01-06,0,0.0,0.0,0.0,793404.3221226796
2022-01-09,0,0.0,0.0,0.0,793404.3221226796
2022-01-10,0,0.0,0.0,0.0,793404.3221226796
2022-01-11,0,0.0,0.0,0.0,793404.3221226796
2022-01-12,0,0.0,0.0,0.0,793404.3221226796
2022-01-13,0,0.0,0.0,0.0,793404.3221226796
2022-01-16,0,0.0,0.0,0.0,793404.3221226796
2022-01-17,0,0.0,0.0,0.0,793404.3221226796
2022-01-18,0,0.0,0.0,0.0,793404.3221226796
2022-01-19,0,0.0,0.0,0.0,793404.3221226796
2022-01-20,0,0.0,0.0,0.0,793404.3221226796
2022-01-23,0,0.0,0.0,0.0,793404.3221226796
2022-01-24,1,0.0017182130584192379,0.006568603763427615,-0.004850390705008377,789556.0011733422
2022-01-25,0,0.0,0.0,0.0,789556.0011733422
2022-01-26,0,0.0,0.0,0.0,789556.0011733422
2022-01-27,0,0.0,0.0,0.0,789556.0011733422
2022-01-30,0,0.0,0.0,0.0,789556.0011733422
2022-01-31,0,0.0,0.0,0.0,789556.0011733422
2022-02-01,0,0.0,0.0,0.0,789556.0011733422
2022-02-03,0,0.0,0.0,0.0,789556.0011733422
2022-02-06,0,0.0,0.0,0.0,789556.0011733422
2022-02-07,0,0.0,0.0,0.0,789556.0011733422
2022-02-08,0,0.0,0.0,0.0,789556.0011733422
2022-02-09,0,0.0,0.0,0.0,789556.0011733422
2022-02-10,0,0.0,0.0,0.0,789556.0011733422
2022-02-13,0,0.0,0.0,0.0,789556.0011733422
2022-02-14,0,0.0,0.0,0.0,789556.0011733422
2022-02-15,0,0.0,0.0,0.0,789556.0011733422
2022-02-16,0,0.0,0.0,0.0,789556.0011733422
2022-02-17,0,0.0,0.0,0.0,789556.0011733422
2022-02-20,0,0.0,0.0,0.0,789556.0011733422
2022-02-21,0,0.0,0.0,0.0,789556.0011733422
2022-02-22,0,0.0,0.0,0.0,789556.0011733422
2022-02-23,0,0.0,0.0,0.0,789556.0011733422
2022-02-24,0,0.0,0.0,0.0,789556.0011733422
2022-02-27,0,0.0,0.0,0.0,789556.0011733422
2022-02-28,0,0.0,0.0,0.0,789556.0011733422
2022-03-02,0,0.0,0.0,0.0,789556.0011733422
2022-03-06,0,0.0,0.0,0.0,789556.0011733422
2022-03-07,0,0.0,0.0,0.0,789556.0011733422
2022-03-09,0,0.0,0.0,0.0,789556.0011733422
2022-03-10,0,0.0,0.0,0.0,789556.0011733422
2022-03-13,0,0.0,0.0,0.0,789556.0011733422
2022-03-14,0,0.0,0.0,0.0,789556.0011733422
2022-03-15,0,0.0,0.0,0.0,789556.0011733422
2022-03-16,0,0.0,0.0,0.0,789556.0011733422
2022-03-20,0,0.0,0.0,0.0,789556.0011733422
2022-03-21,0,0.0,0.0,0.0,789556.0011733422
2022-03-22,0,0.0,0.0,0.0,789556.0011733422
2022-03-23,0,0.0,0.0,0.0,789556.0011733422
2022-03-24,0,0.0,0.0,0.0,789556.0011733422
2022-03-27,0,0.0,0.0,0.0,789556.0011733422
2022-03-28,0,0.0,0.0,0.0,789556.0011733422
2022-03-29,0,0.0,0.0,0.0,789556.0011733422
2022-03-30,0,0.0,0.0,0.0,789556.0011733422
2022-03-31,0,0.0,0.0,0.0,789556.0011733422
2022-04-03,0,0.0,0.0,0.0,789556.0011733422
2022-04-04,0,0.0,0.0,0.0,789556.0011733422
2022-04-05,0,0.0,0.0,0.0,789556.0011733422
2022-04-06,0,0.0,0.0,0.0,789556.0011733422
2022-04-07,0,0.0,0.0,0.0,789556.0011733422
2022-04-11,0,0.0,0.0,0.0,789556.0011733422
2022-04-12,0,0.0,0.0,0.0,789556.0011733422
2022-04-13,0,0.0,0.0,0.0,789556.0011733422
2022-04-17,0,0.0,0.0,0.0,789556.0011733422
2022-04-18,0,0.0,0.0,0.0,789556.0011733422
2022-04-19,0,0.0,0.0,0.0,789556.0011733422
2022-04-20,0,0.0,0.0,0.0,789556.0011733422
2022-04-21,0,0.0,0.0,0.0,789556.0011733422
2022-04-24,0,0.0,0.0,0.0,789556.0011733422
2022-04-25,0,0.0,0.0,0.0,789556.0011733422
2022-04-26,0,0.0,0.0,0.0,789556.0011733422
2022-04-27,0,0.0,0.0,0.0,789556.0011733422
2022-04-28,0,0.0,0.0,0.0,789556.0011733422
2022-05-02,0,0.0,0.0,0.0,789556.0011733422
2022-05-04,0,0.0,0.0,0.0,789556.0011733422
2022-05-05,0,0.0,0.0,0.0,789556.0011733422
2022-05-08,0,0.0,0.0,0.0,789556.0011733422
2022-05-09,0,0.0,0.0,0.0,789556.0011733422
2022-05-10,0,0.0,0.0,0.0,789556.0011733422
2022-05-11,0,0.0,0.0,0.0,789556.0011733422
2022-05-12,0,0.0,0.0,0.0,789556.0011733422
2022-05-17,0,0.0,0.0,0.0,789556.0011733422
2022-05-18,0,0.0,0.0,0.0,789556.0011733422
2022-05-19,0,0.0,0.0,0.0,789556.0011733422
2022-05-20,0,0.0,0.0,0.0,789556.0011733422
2022-05-23,0,0.0,0.0,0.0,789556.0011733422
2022-05-24,0,0.0,0.0,0.0,789556.0011733422
2022-05-25,0,0.0,0.0,0.0,789556.0011733422
2022-05-26,0,0.0,0.0,0.0,789556.0011733422
2022-05-27,0,0.0,0.0,0.0,789556.0011733422
2022-05-30,0,0.0,0.0,0.0,789556.0011733422
2022-05-31,0,0.0,0.0,0.0,789556.0011733422
2022-06-01,0,0.0,0.0,0.0,789556.0011733422
2022-06-02,0,0.0,0.0,0.0,789556.0011733422
2022-06-03,0,0.0,0.0,0.0,789556.0011733422
2022-06-06,0,0.0,0.0,0.0,789556.0011733422
2022-06-07,0,0.0,0.0,0.0,789556.0011733422
2022-06-08,0,0.0,0.0,0.0,789556.0011733422
2022-06-09,0,0.0,0.0,0.0,789556.0011733422
2022-06-10,0,0.0,0.0,0.0,789556.0011733422
2022-06-13,0,0.0,0.0,0.0,789556.0011733422
2022-06-14,0,0.0,0.0,0.0,789556.0011733422
2022-06-15,0,0.0,0.0,0.0,789556.0011733422
2022-06-16,0,0.0,0.0,0.0,789556.0011733422
2022-06-17,0,0.0,0.0,0.0,789556.0011733422
2022-06-19,0,0.0,0.0,0.0,789556.0011733422
2022-06-20,0,0.0,0.0,0.0,789556.0011733422
2022-06-21,0,0.0,0.0,0.0,789556.0011733422
2022-06-22,0,0.0,0.0,0.0,789556.0011733422
2022-06-23,1,0.0006062443164596143,0.006565297024400621,-0.0059590527079410064,784850.9953464791
2022-06-24,0,0.0,0.0,0.0,784850.9953464791
2022-06-26,0,0.0,0.0,0.0,784850.9953464791
2022-06-27,0,0.0,0.0,0.0,784850.9953464791
2022-06-28,0,0.0,0.0,0.0,784850.9953464791
2022-06-29,0,0.0,0.0,0.0,784850.9953464791
2022-06-30,0,0.0,0.0,0.0,784850.9953464791
2022-07-01,0,0.0,0.0,0.0,784850.9953464791
2022-07-03,0,0.0,0.0,0.0,784850.9953464791
2022-07-04,0,0.0,0.0,0.0,784850.9953464791
2022-07-05,0,0.0,0.0,0.0,784850.9953464791
2022-07-06,0,0.0,0.0,0.0,784850.9953464791
2022-07-07,0,0.0,0.0,0.0,784850.9953464791
2022-07-08,0,0.0,0.0,0.0,784850.9953464791
2022-07-11,0,0.0,0.0,0.0,784850.9953464791
2022-07-12,0,0.0,0.0,0.0,784850.9953464791
2022-07-13,0,0.0,0.0,0.0,784850.9953464791
2022-07-14,0,0.0,0.0,0.0,784850.9953464791
2022-07-15,0,0.0,0.0,0.0,784850.9953464791
2022-07-17,0,0.0,0.0,0.0,784850.9953464791
2022-07-18,0,0.0,0.0,0.0,784850.9953464791
2022-07-19,0,0.0,0.0,0.0,784850.9953464791
2022-07-20,0,0.0,0.0,0.0,784850.9953464791
2022-07-21,0,0.0,0.0,0.0,784850.9953464791
2022-07-22,0,0.0,0.0,0.0,784850.9953464791
2022-07-24,0,0.0,0.0,0.0,784850.9953464791
2022-07-25,0,0.0,0.0,0.0,784850.9953464791
2022-07-26,0,0.0,0.0,0.0,784850.9953464791
2022-07-27,0,0.0,0.0,0.0,784850.9953464791
2022-07-28,0,0.0,0.0,0.0,784850.9953464791
2022-07-29,0,0.0,0.0,0.0,784850.9953464791
2022-07-31,0,0.0,0.0,0.0,784850.9953464791
2022-08-01,0,0.0,0.0,0.0,784850.9953464791
2022-08-02,0,0.0,0.0,0.0,784850.9953464791
2022-08-03,0,0.0,0.0,0.0,784850.9953464791
2022-08-04,0,0.0,0.0,0.0,784850.9953464791
2022-08-05,0,0.0,0.0,0.0,784850.9953464791
2022-08-07,0,0.0,0.0,0.0,784850.9953464791
2022-08-08,0,0.0,0.0,0.0,784850.9953464791
2022-08-09,0,0.0,0.0,0.0,784850.9953464791
2022-08-10,0,0.0,0.0,0.0,784850.9953464791
2022-08-11,0,0.0,0.0,0.0,784850.9953464791
2022-08-14,0,0.0,0.0,0.0,784850.9953464791
2022-08-15,0,0.0,0.0,0.0,784850.9953464791
2022-08-16,0,0.0,0.0,0.0,784850.9953464791
2022-08-17,0,0.0,0.0,0.0,784850.9953464791
2022-08-18,0,0.0,0.0,0.0,784850.9953464791
2022-08-21,0,0.0,0.0,0.0,784850.9953464791
2022-08-22,0,0.0,0.0,0.0,784850.9953464791
2022-08-23,0,0.0,0.0,0.0,784850.9953464791
2022-08-24,0,0.0,0.0,0.0,784850.9953464791
2022-08-25,0,0.0,0.0,0.0,784850.9953464791
2022-08-26,0,0.0,0.0,0.0,784850.9953464791
2022-08-28,0,0.0,0.0,0.0,784850.9953464791
2022-08-29,0,0.0,0.0,0.0,784850.9953464791
2022-08-30,0,0.0,0.0,0.0,784850.9953464791
2022-08-31,0,0.0,0.0,0.0,784850.9953464791
2022-09-01,0,0.0,0.0,0.0,784850.9953464791
2022-09-02,0,0.0,0.0,0.0,784850.9953464791
2022-09-04,0,0.0,0.0,0.0,784850.9953464791
2022-09-05,0,0.0,0.0,0.0,784850.9953464791
2022-09-06,0,0.0,0.0,0.0,784850.9953464791
2022-09-07,0,0.0,0.0,0.0,784850.9953464791
2022-09-08,0,0.0,0.0,0.0,784850.9953464791
2022-09-11,0,0.0,0.0,0.0,784850.9953464791
2022-09-12,0,0.0,0.0,0.0,784850.9953464791
2022-09-13,0,0.0,0.0,0.0,784850.9953464791
2022-09-14,0,0.0,0.0,0.0,784850.9953464791
2022-09-15,0,0.0,0.0,0.0,784850.9953464791
2022-09-16,0,0.0,0.0,0.0,784850.9953464791
2022-09-18,0,0.0,0.0,0.0,784850.9953464791
2022-09-20,0,0.0,0.0,0.0,784850.9953464791
2022-09-21,0,0.0,0.0,0.0,784850.9953464791
2022-09-22,0,0.0,0.0,0.0,784850.9953464791
2022-09-25,0,0.0,0.0,0.0,784850.9953464791
2022-09-27,0,0.0,0.0,0.0,784850.9953464791
2022-09-28,0,0.0,0.0,0.0,784850.9953464791
2022-09-29,0,0.0,0.0,0.0,784850.9953464791
2022-10-09,0,0.0,0.0,0.0,784850.9953464791
2022-10-10,0,0.0,0.0,0.0,784850.9953464791
2022-10-11,0,0.0,0.0,0.0,784850.9953464791
2022-10-12,0,0.0,0.0,0.0,784850.9953464791
2022-10-13,0,0.0,0.0,0.0,784850.9953464791
2022-10-16,0,0.0,0.0,0.0,784850.9953464791
2022-10-17,0,0.0,0.0,0.0,784850.9953464791
2022-10-19,0,0.0,0.0,0.0,784850.9953464791
2022-10-20,0,0.0,0.0,0.0,784850.9953464791
2022-10-23,0,0.0,0.0,0.0,784850.9953464791
2022-10-31,0,0.0,0.0,0.0,784850.9953464791
2022-11-01,1,-0.005988023952095856,0.006544245282084463,-0.01253226923418032,775015.0313640827
2022-11-02,0,0.0,0.0,0.0,775015.0313640827
2022-11-03,0,0.0,0.0,0.0,775015.0313640827
2022-11-06,0,0.0,0.0,0.0,775015.0313640827
2022-11-07,0,0.0,0.0,0.0,775015.0313640827
2022-11-08,0,0.0,0.0,0.0,775015.0313640827
2022-11-09,0,0.0,0.0,0.0,775015.0313640827
2022-11-10,0,0.0,0.0,0.0,775015.0313640827
2022-11-13,0,0.0,0.0,0.0,775015.0313640827
2022-11-14,0,0.0,0.0,0.0,775015.0313640827
2022-11-15,0,0.0,0.0,0.0,775015.0313640827
2022-11-16,0,0.0,0.0,0.0,775015.0313640827
2022-11-17,0,0.0,0.0,0.0,775015.0313640827
2022-11-22,0,0.0,0.0,0.0,775015.0313640827
2022-11-23,0,0.0,0.0,0.0,775015.0313640827
2022-11-24,0,0.0,0.0,0.0,775015.0313640827
2022-11-27,0,0.0,0.0,0.0,775015.0313640827
2022-11-28,0,0.0,0.0,0.0,775015.0313640827
2022-11-29,0,0.0,0.0,0.0,775015.0313640827
2022-11-30,0,0.0,0.0,0.0,775015.0313640827
2022-12-01,0,0.0,0.0,0.0,775015.0313640827
2022-12-04,0,0.0,0.0,0.0,775015.0313640827
2022-12-05,0,0.0,0.0,0.0,775015.0313640827
2022-12-06,0,0.0,0.0,0.0,775015.0313640827
2022-12-07,0,0.0,0.0,0.0,775015.0313640827
2022-12-11,0,0.0,0.0,0.0,775015.0313640827
2022-12-12,0,0.0,0.0,0.0,775015.0313640827
2022-12-13,0,0.0,0.0,0.0,775015.0313640827
2022-12-14,0,0.0,0.0,0.0,775015.0313640827
2022-12-15,0,0.0,0.0,0.0,775015.0313640827
2022-12-18,0,0.0,0.0,0.0,775015.0313640827
2022-12-19,0,0.0,0.0,0.0,775015.0313640827
2022-12-20,0,0.0,0.0,0.0,775015.0313640827
2022-12-21,0,0.0,0.0,0.0,775015.0313640827
2022-12-22,0,0.0,0.0,0.0,775015.0313640827
2022-12-26,0,0.0,0.0,0.0,775015.0313640827
2022-12-27,0,0.0,0.0,0.0,775015.0313640827
2022-12-28,0,0.0,0.0,0.0,775015.0313640827
2022-12-29,0,0.0,0.0,0.0,775015.0313640827
2023-01-01,0,0.0,0.0,0.0,775015.0313640827
2023-01-02,0,0.0,0.0,0.0,775015.0313640827
2023-01-03,0,0.0,0.0,0.0,775015.0313640827
2023-01-04,0,0.0,0.0,0.0,775015.0313640827
2023-01-05,0,0.0,0.0,0.0,775015.0313640827
2023-01-08,0,0.0,0.0,0.0,775015.0313640827
2023-01-09,0,0.0,0.0,0.0,775015.0313640827
2023-01-10,0,0.0,0.0,0.0,775015.0313640827
2023-01-12,0,0.0,0.0,0.0,775015.0313640827
2023-01-17,0,0.0,0.0,0.0,775015.0313640827
2023-01-18,0,0.0,0.0,0.0,775015.0313640827
2023-01-19,0,0.0,0.0,0.0,775015.0313640827
2023-01-23,0,0.0,0.0,0.0,775015.0313640827
2023-01-24,0,0.0,0.0,0.0,775015.0313640827
2023-01-25,0,0.0,0.0,0.0,775015.0313640827
2023-01-26,0,0.0,0.0,0.0,775015.0313640827
2023-01-29,0,0.0,0.0,0.0,775015.0313640827
2023-01-30,0,0.0,0.0,0.0,775015.0313640827
2023-01-31,0,0.0,0.0,0.0,775015.0313640827
2023-02-01,0,0.0,0.0,0.0,775015.0313640827
2023-02-02,0,0.0,0.0,0.0,775015.0313640827
2023-02-05,0,0.0,0.0,0.0,775015.0313640827
2023-02-06,0,0.0,0.0,0.0,775015.0313640827
2023-02-07,0,0.0,0.0,0.0,775015.0313640827
2023-02-08,0,0.0,0.0,0.0,775015.0313640827
2023-02-09,0,0.0,0.0,0.0,775015.0313640827
2023-02-12,0,0.0,0.0,0.0,775015.0313640827
2023-02-14,0,0.0,0.0,0.0,775015.0313640827
2023-02-15,0,0.0,0.0,0.0,775015.0313640827
2023-02-16,0,0.0,0.0,0.0,775015.0313640827
2023-02-20,0,0.0,0.0,0.0,775015.0313640827
2023-02-22,0,0.0,0.0,0.0,775015.0313640827
2023-02-23,0,0.0,0.0,0.0,775015.0313640827
2023-02-26,0,0.0,0.0,0.0,775015.0313640827
2023-02-27,0,0.0,0.0,0.0,775015.0313640827
2023-02-28,0,0.0,0.0,0.0,775015.0313640827
2023-03-01,0,0.0,0.0,0.0,775015.0313640827
2023-03-02,0,0.0,0.0,0.0,775015.0313640827
2023-03-05,0,0.0,0.0,0.0,775015.0313640827
2023-03-07,0,0.0,0.0,0.0,775015.0313640827
2023-03-09,0,0.0,0.0,0.0,775015.0313640827
2023-03-12,0,0.0,0.0,0.0,775015.0313640827
2023-03-13,0,0.0,0.0,0.0,775015.0313640827
2023-03-14,0,0.0,0.0,0.0,775015.0313640827
2023-03-15,0,0.0,0.0,0.0,775015.0313640827
2023-03-16,0,0.0,0.0,0.0,775015.0313640827
2023-03-19,0,0.0,0.0,0.0,775015.0313640827
2023-03-20,0,0.0,0.0,0.0,775015.0313640827
2023-03-22,0,0.0,0.0,0.0,775015.0313640827
2023-03-23,0,0.0,0.0,0.0,775015.0313640827
2023-03-26,0,0.0,0.0,0.0,775015.0313640827
2023-03-27,0,0.0,0.0,0.0,775015.0313640827
2023-03-28,0,0.0,0.0,0.0,775015.0313640827
2023-03-29,0,0.0,0.0,0.0,775015.0313640827
2023-03-30,0,0.0,0.0,0.0,775015.0313640827
2023-04-02,0,0.0,0.0,0.0,775015.0313640827
2023-04-03,0,0.0,0.0,0.0,775015.0313640827
2023-04-04,0,0.0,0.0,0.0,775015.0313640827
2023-04-05,0,0.0,0.0,0.0,775015.0313640827
2023-04-06,0,0.0,0.0,0.0,775015.0313640827
2023-04-09,0,0.0,0.0,0.0,775015.0313640827
2023-04-10,0,0.0,0.0,0.0,775015.0313640827
2023-04-11,0,0.0,0.0,0.0,775015.0313640827
2023-04-12,0,0.0,0.0,0.0,775015.0313640827
2023-04-13,0,0.0,0.0,0.0,775015.0313640827
2023-04-16,0,0.0,0.0,0.0,775015.0313640827
2023-04-17,0,0.0,0.0,0.0,775015.0313640827
2023-04-18,0,0.0,0.0,0.0,775015.0313640827
2023-04-19,0,0.0,0.0,0.0,775015.0313640827
2023-04-20,0,0.0,0.0,0.0,775015.0313640827
2023-04-23,0,0.0,0.0,0.0,775015.0313640827
2023-04-24,0,0.0,0.0,0.0,775015.0313640827
2023-04-25,0,0.0,0.0,0.0,775015.0313640827
2023-04-26,0,0.0,0.0,0.0,775015.0313640827
2023-04-27,0,0.0,0.0,0.0,775015.0313640827
2023-04-30,0,0.0,0.0,0.0,775015.0313640827
2023-05-02,0,0.0,0.0,0.0,775015.0313640827
2023-05-03,0,0.0,0.0,0.0,775015.0313640827
2023-05-04,0,0.0,0.0,0.0,775015.0313640827
2023-05-07,0,0.0,0.0,0.0,775015.0313640827
2023-05-08,0,0.0,0.0,0.0,775015.0313640827
2023-05-09,0,0.0,0.0,0.0,775015.0313640827
2023-05-10,0,0.0,0.0,0.0,775015.0313640827
2023-05-11,0,0.0,0.0,0.0,775015.0313640827
2023-05-14,0,0.0,0.0,0.0,775015.0313640827
2023-05-15,0,0.0,0.0,0.0,775015.0313640827
2023-05-16,0,0.0,0.0,0.0,775015.0313640827
2023-05-17,0,0.0,0.0,0.0,775015.0313640827
2023-05-18,0,0.0,0.0,0.0,775015.0313640827
2023-05-21,0,0.0,0.0,0.0,775015.0313640827
2023-05-22,0,0.0,0.0,0.0,775015.0313640827
2023-05-23,0,0.0,0.0,0.0,775015.0313640827
2023-05-24,0,0.0,0.0,0.0,775015.0313640827
2023-05-28,0,0.0,0.0,0.0,775015.0313640827
2023-05-30,0,0.0,0.0,0.0,775015.0313640827
2023-05-31,0,0.0,0.0,0.0,775015.0313640827
2023-06-01,0,0.0,0.0,0.0,775015.0313640827
2023-06-04,0,0.0,0.0,0.0,775015.0313640827
2023-06-05,0,0.0,0.0,0.0,775015.0313640827
2023-06-06,0,0.0,0.0,0.0,775015.0313640827
2023-06-07,0,0.0,0.0,0.0,775015.0313640827
2023-06-08,0,0.0,0.0,0.0,775015.0313640827
2023-06-11,0,0.0,0.0,0.0,775015.0313640827
2023-06-12,0,0.0,0.0,0.0,775015.0313640827
2023-06-13,0,0.0,0.0,0.0,775015.0313640827
2023-06-14,0,0.0,0.0,0.0,775015.0313640827
2023-06-15,0,0.0,0.0,0.0,775015.0313640827
2023-06-18,0,0.0,0.0,0.0,775015.0313640827
2023-06-19,0,0.0,0.0,0.0,775015.0313640827
2023-06-20,0,0.0,0.0,0.0,775015.0313640827
2023-06-21,1,0.004761904761904745,0.006579991068222491,-0.0018180863063177463,773605.9871483692
2023-06-22,0,0.0,0.0,0.0,773605.9871483692
2023-06-25,0,0.0,0.0,0.0,773605.9871483692
2023-06-26,0,0.0,0.0,0.0,773605.9871483692
2023-06-27,0,0.0,0.0,0.0,773605.9871483692
2023-06-28,0,0.0,0.0,0.0,773605.9871483692
2023-07-02,0,0.0,0.0,0.0,773605.9871483692
2023-07-03,0,0.0,0.0,0.0,773605.9871483692
2023-07-04,0,0.0,0.0,0.0,773605.9871483692
2023-07-05,0,0.0,0.0,0.0,773605.9871483692
2023-07-06,0,0.0,0.0,0.0,773605.9871483692
2023-07-09,0,0.0,0.0,0.0,773605.9871483692
2023-07-10,0,0.0,0.0,0.0,773605.9871483692
2023-07-11,0,0.0,0.0,0.0,773605.9871483692
2023-07-12,0,0.0,0.0,0.0,773605.9871483692
2023-07-13,0,0.0,0.0,0.0,773605.9871483692
2023-07-16,0,0.0,0.0,0.0,773605.9871483692
2023-07-17,0,0.0,0.0,0.0,773605.9871483692
2023-07-18,0,0.0,0.0,0.0,773605.9871483692
2023-07-19,0,0.0,0.0,0.0,773605.9871483692
2023-07-20,0,0.0,0.0,0.0,773605.9871483692
2023-07-23,0,0.0,0.0,0.0,773605.9871483692
2023-07-24,0,0.0,0.0,0.0,773605.9871483692
2023-07-25,0,0.0,0.0,0.0,773605.9871483692
2023-07-26,0,0.0,0.0,0.0,773605.9871483692
2023-07-27,0,0.0,0.0,0.0,773605.9871483692
2023-07-30,0,0.0,0.0,0.0,773605.9871483692
2023-07-31,0,0.0,0.0,0.0,773605.9871483692
2023-08-01,0,0.0,0.0,0.0,773605.9871483692
2023-08-02,0,0.0,0.0,0.0,773605.9871483692
2023-08-03,0,0.0,0.0,0.0,773605.9871483692
2023-08-06,0,0.0,0.0,0.0,773605.9871483692
2023-08-07,0,0.0,0.0,0.0,773605.9871483692
2023-08-08,0,0.0,0.0,0.0,773605.9871483692
2023-08-09,0,0.0,0.0,0.0,773605.9871483692
2023-08-10,0,0.0,0.0,0.0,773605.9871483692
2023-08-13,0,0.0,0.0,0.0,773605.9871483692
2023-08-14,0,0.0,0.0,0.0,773605.9871483692
2023-08-15,0,0.0,0.0,0.0,773605.9871483692
2023-08-16,0,0.0,0.0,0.0,773605.9871483692
2023-08-17,0,0.0,0.0,0.0,773605.9871483692
2023-08-20,0,0.0,0.0,0.0,773605.9871483692
2023-08-21,0,0.0,0.0,0.0,773605.9871483692
2023-08-22,0,0.0,0.0,0.0,773605.9871483692
2023-08-23,0,0.0,0.0,0.0,773605.9871483692
2023-08-24,0,0.0,0.0,0.0,773605.9871483692
2023-08-27,0,0.0,0.0,0.0,773605.9871483692
2023-08-28,0,0.0,0.0,0.0,773605.9871483692
2023-08-29,0,0.0,0.0,0.0,773605.9871483692
2023-08-30,0,0.0,0.0,0.0,773605.9871483692
2023-09-03,0,0.0,0.0,0.0,773605.9871483692
2023-09-04,0,0.0,0.0,0.0,773605.9871483692
2023-09-05,0,0.0,0.0,0.0,773605.9871483692
2023-09-07,0,0.0,0.0,0.0,773605.9871483692
2023-09-10,0,0.0,0.0,0.0,773605.9871483692
2023-09-11,0,0.0,0.0,0.0,773605.9871483692
2023-09-12,0,0.0,0.0,0.0,773605.9871483692
2023-09-13,0,0.0,0.0,0.0,773605.9871483692
2023-09-17,0,0.0,0.0,0.0,773605.9871483692
2023-09-18,0,0.0,0.0,0.0,773605.9871483692
2023-09-19,0,0.0,0.0,0.0,773605.9871483692
2023-09-21,0,0.0,0.0,0.0,773605.9871483692
2023-09-24,0,0.0,0.0,0.0,773605.9871483692
2023-09-25,0,0.0,0.0,0.0,773605.9871483692
2023-09-26,0,0.0,0.0,0.0,773605.9871483692
2023-09-27,0,0.0,0.0,0.0,773605.9871483692
2023-10-01,0,0.0,0.0,0.0,773605.9871483692
2023-10-02,0,0.0,0.0,0.0,773605.9871483692
2023-10-03,0,0.0,0.0,0.0,773605.9871483692
2023-10-04,0,0.0,0.0,0.0,773605.9871483692
2023-10-05,0,0.0,0.0,0.0,773605.9871483692
2023-10-08,0,0.0,0.0,0.0,773605.9871483692
2023-10-09,1,-0.010732617825478408,0.00652975137706761,-0.017262369202546018,760251.714980914
2023-10-10,0,0.0,0.0,0.0,760251.714980914
2023-10-11,0,0.0,0.0,0.0,760251.714980914
2023-10-12,0,0.0,0.0,0.0,760251.714980914
2023-10-16,0,0.0,0.0,0.0,760251.714980914
2023-10-17,0,0.0,0.0,0.0,760251.714980914
2023-10-18,0,0.0,0.0,0.0,760251.714980914
2023-10-19,0,0.0,0.0,0.0,760251.714980914
2023-10-29,0,0.0,0.0,0.0,760251.714980914
2023-10-30,0,0.0,0.0,0.0,760251.714980914
2023-10-31,0,0.0,0.0,0.0,760251.714980914
2023-11-01,0,0.0,0.0,0.0,760251.714980914
2023-11-02,0,0.0,0.0,0.0,760251.714980914
2023-11-05,0,0.0,0.0,0.0,760251.714980914
2023-11-06,0,0.0,0.0,0.0,760251.714980914
2023-11-07,0,0.0,0.0,0.0,760251.714980914
2023-11-08,0,0.0,0.0,0.0,760251.714980914
2023-11-09,0,0.0,0.0,0.0,760251.714980914
2023-11-20,0,0.0,0.0,0.0,760251.714980914
2023-11-21,0,0.0,0.0,0.0,760251.714980914
2023-11-22,0,0.0,0.0,0.0,760251.714980914
2023-11-23,0,0.0,0.0,0.0,760251.714980914
2023-11-26,0,0.0,0.0,0.0,760251.714980914
2023-11-27,0,0.0,0.0,0.0,760251.714980914
2023-11-28,0,0.0,0.0,0.0,760251.714980914
2023-11-29,0,0.0,0.0,0.0,760251.714980914
2023-11-30,0,0.0,0.0,0.0,760251.714980914
2023-12-03,0,0.0,0.0,0.0,760251.714980914
2023-12-04,0,0.0,0.0,0.0,760251.714980914
2023-12-05,0,0.0,0.0,0.0,760251.714980914
2023-12-06,0,0.0,0.0,0.0,760251.714980914
2023-12-07,0,0.0,0.0,0.0,760251.714980914
2023-12-10,0,0.0,0.0,0.0,760251.714980914
2023-12-11,0,0.0,0.0,0.0,760251.714980914
2023-12-12,0,0.0,0.0,0.0,760251.714980914
2023-12-13,0,0.0,0.0,0.0,760251.714980914
2023-12-14,0,0.0,0.0,0.0,760251.714980914
2023-12-17,0,0.0,0.0,0.0,760251.714980914
2023-12-18,0,0.0,0.0,0.0,760251.714980914
2023-12-19,0,0.0,0.0,0.0,760251.714980914
2023-12-20,0,0.0,0.0,0.0,760251.714980914
2023-12-21,0,0.0,0.0,0.0,760251.714980914
2023-12-24,0,0.0,0.0,0.0,760251.714980914
2023-12-27,0,0.0,0.0,0.0,760251.714980914
2023-12-28,0,0.0,0.0,0.0,760251.714980914
2024-01-01,0,0.0,0.0,0.0,760251.714980914
2024-01-02,0,0.0,0.0,0.0,760251.714980914
2024-01-03,0,0.0,0.0,0.0,760251.714980914
2024-01-04,0,0.0,0.0,0.0,760251.714980914
2024-01-07,0,0.0,0.0,0.0,760251.714980914
2024-01-08,0,0.0,0.0,0.0,760251.714980914
2024-01-09,0,0.0,0.0,0.0,760251.714980914
2024-01-10,0,0.0,0.0,0.0,760251.714980914
2024-01-11,0,0.0,0.0,0.0,760251.714980914
2024-01-14,0,0.0,0.0,0.0,760251.714980914
2024-01-16,0,0.0,0.0,0.0,760251.714980914
2024-01-17,0,0.0,0.0,0.0,760251.714980914
2024-01-18,0,0.0,0.0,0.0,760251.714980914
2024-01-21,0,0.0,0.0,0.0,760251.714980914
2024-01-22,0,0.0,0.0,0.0,760251.714980914
2024-01-23,0,0.0,0.0,0.0,760251.714980914
2024-01-24,0,0.0,0.0,0.0,760251.714980914
2024-01-25,0,0.0,0.0,0.0,760251.714980914
2024-01-28,0,0.0,0.0,0.0,760251.714980914
2024-01-29,0,0.0,0.0,0.0,760251.714980914
2024-01-30,0,0.0,0.0,0.0,760251.714980914
2024-01-31,0,0.0,0.0,0.0,760251.714980914
2024-02-01,0,0.0,0.0,0.0,760251.714980914
2024-02-04,0,0.0,0.0,0.0,760251.714980914
2024-02-05,0,0.0,0.0,0.0,760251.714980914
2024-02-06,0,0.0,0.0,0.0,760251.714980914
2024-02-07,0,0.0,0.0,0.0,760251.714980914
2024-02-08,0,0.0,0.0,0.0,760251.714980914
2024-02-11,0,0.0,0.0,0.0,760251.714980914
2024-02-12,0,0.0,0.0,0.0,760251.714980914
2024-02-13,0,0.0,0.0,0.0,760251.714980914
2024-02-14,0,0.0,0.0,0.0,760251.714980914
2024-02-15,0,0.0,0.0,0.0,760251.714980914
2024-02-18,0,0.0,0.0,0.0,760251.714980914
2024-02-20,0,0.0,0.0,0.0,760251.714980914
2024-02-21,0,0.0,0.0,0.0,760251.714980914
2024-02-22,0,0.0,0.0,0.0,760251.714980914
2024-02-25,0,0.0,0.0,0.0,760251.714980914
2024-02-26,0,0.0,0.0,0.0,760251.714980914
2024-02-27,0,0.0,0.0,0.0,760251.714980914
2024-02-28,0,0.0,0.0,0.0,760251.714980914
2024-02-29,0,0.0,0.0,0.0,760251.714980914
2024-03-03,0,0.0,0.0,0.0,760251.714980914
2024-03-04,0,0.0,0.0,0.0,760251.714980914
2024-03-05,0,0.0,0.0,0.0,760251.714980914
2024-03-06,0,0.0,0.0,0.0,760251.714980914
2024-03-07,0,0.0,0.0,0.0,760251.714980914
2024-03-10,0,0.0,0.0,0.0,760251.714980914
2024-03-12,0,0.0,0.0,0.0,760251.714980914
2024-03-13,0,0.0,0.0,0.0,760251.714980914
2024-03-14,0,0.0,0.0,0.0,760251.714980914
2024-03-17,0,0.0,0.0,0.0,760251.714980914
2024-03-18,0,0.0,0.0,0.0,760251.714980914
2024-03-19,0,0.0,0.0,0.0,760251.714980914
2024-03-20,0,0.0,0.0,0.0,760251.714980914
2024-03-21,0,0.0,0.0,0.0,760251.714980914
2024-03-25,0,0.0,0.0,0.0,760251.714980914
2024-03-26,0,0.0,0.0,0.0,760251.714980914
2024-03-27,0,0.0,0.0,0.0,760251.714980914
2024-03-28,0,0.0,0.0,0.0,760251.714980914
2024-03-31,0,0.0,0.0,0.0,760251.714980914
2024-04-01,0,0.0,0.0,0.0,760251.714980914
2024-04-02,0,0.0,0.0,0.0,760251.714980914
2024-04-03,0,0.0,0.0,0.0,760251.714980914
2024-04-04,0,0.0,0.0,0.0,760251.714980914
2024-04-07,0,0.0,0.0,0.0,760251.714980914
2024-04-09,0,0.0,0.0,0.0,760251.714980914
2024-04-10,0,0.0,0.0,0.0,760251.714980914
2024-04-14,0,0.0,0.0,0.0,760251.714980914
2024-04-15,0,0.0,0.0,0.0,760251.714980914
2024-04-16,0,0.0,0.0,0.0,760251.714980914
2024-04-18,0,0.0,0.0,0.0,760251.714980914
2024-04-21,0,0.0,0.0,0.0,760251.714980914
2024-04-22,0,0.0,0.0,0.0,760251.714980914
2024-04-24,0,0.0,0.0,0.0,760251.714980914
2024-04-25,0,0.0,0.0,0.0,760251.714980914
2024-04-28,0,0.0,0.0,0.0,760251.714980914
2024-04-29,0,0.0,0.0,0.0,760251.714980914
2024-04-30,0,0.0,0.0,0.0,760251.714980914
2024-05-02,0,0.0,0.0,0.0,760251.714980914
2024-05-05,0,0.0,0.0,0.0,760251.714980914
2024-05-06,0,0.0,0.0,0.0,760251.714980914
2024-05-07,0,0.0,0.0,0.0,760251.714980914
2024-05-08,0,0.0,0.0,0.0,760251.714980914
2024-05-09,0,0.0,0.0,0.0,760251.714980914
2024-05-12,0,0.0,0.0,0.0,760251.714980914
2024-05-13,0,0.0,0.0,0.0,760251.714980914
2024-05-14,0,0.0,0.0,0.0,760251.714980914
2024-05-15,0,0.0,0.0,0.0,760251.714980914
2024-05-16,0,0.0,0.0,0.0,760251.714980914
2024-05-19,0,0.0,0.0,0.0,760251.714980914
2024-05-20,0,0.0,0.0,0.0,760251.714980914
2024-05-21,0,0.0,0.0,0.0,760251.714980914
2024-05-22,0,0.0,0.0,0.0,760251.714980914
2024-05-26,0,0.0,0.0,0.0,760251.714980914
2024-05-27,0,0.0,0.0,0.0,760251.714980914
2024-05-29,0,0.0,0.0,0.0,760251.714980914
2024-05-30,0,0.0,0.0,0.0,760251.714980914
2024-06-02,0,0.0,0.0,0.0,760251.714980914
2024-06-03,0,0.0,0.0,0.0,760251.714980914
2024-06-04,0,0.0,0.0,0.0,760251.714980914
2024-06-05,0,0.0,0.0,0.0,760251.714980914
2024-06-06,0,0.0,0.0,0.0,760251.714980914
2024-06-09,0,0.0,0.0,0.0,760251.714980914
2024-06-10,0,0.0,0.0,0.0,760251.714980914
2024-06-11,0,0.0,0.0,0.0,760251.714980914
2024-06-12,0,0.0,0.0,0.0,760251.714980914
2024-06-13,0,0.0,0.0,0.0,760251.714980914
2024-06-16,0,0.0,0.0,0.0,760251.714980914
2024-06-18,0,0.0,0.0,0.0,760251.714980914
2024-06-19,0,0.0,0.0,0.0,760251.714980914
2024-06-20,0,0.0,0.0,0.0,760251.714980914
2024-06-23,0,0.0,0.0,0.0,760251.714980914
2024-06-24,0,0.0,0.0,0.0,760251.714980914
2024-06-25,0,0.0,0.0,0.0,760251.714980914
2024-06-26,0,0.0,0.0,0.0,760251.714980914
2024-06-27,0,0.0,0.0,0.0,760251.714980914
2024-06-30,0,0.0,0.0,0.0,760251.714980914
2024-07-01,0,0.0,0.0,0.0,760251.714980914
2024-07-02,0,0.0,0.0,0.0,760251.714980914
2024-07-03,0,0.0,0.0,0.0,760251.714980914
2024-07-04,0,0.0,0.0,0.0,760251.714980914
2024-07-07,0,0.0,0.0,0.0,760251.714980914
2024-07-08,0,0.0,0.0,0.0,760251.714980914
2024-07-09,0,0.0,0.0,0.0,760251.714980914
2024-07-10,0,0.0,0.0,0.0,760251.714980914
2024-07-11,0,0.0,0.0,0.0,760251.714980914
2024-07-14,0,0.0,0.0,0.0,760251.714980914
2024-07-15,0,0.0,0.0,0.0,760251.714980914
2024-07-16,1,0.04534606205250591,0.006713142392837582,0.03863291965966833,789622.4584068968
2024-07-17,0,0.0,0.0,0.0,789622.4584068968
2024-07-18,0,0.0,0.0,0.0,789622.4584068968
2024-07-21,0,0.0,0.0,0.0,789622.4584068968
2024-07-22,0,0.0,0.0,0.0,789622.4584068968
2024-07-23,0,0.0,0.0,0.0,789622.4584068968
2024-07-24,0,0.0,0.0,0.0,789622.4584068968
2024-07-25,0,0.0,0.0,0.0,789622.4584068968
2024-07-28,0,0.0,0.0,0.0,789622.4584068968
2024-07-29,0,0.0,0.0,0.0,789622.4584068968
2024-07-30,0,0.0,0.0,0.0,789622.4584068968
2024-07-31,0,0.0,0.0,0.0,789622.4584068968
2024-08-01,0,0.0,0.0,0.0,789622.4584068968
2024-08-05,0,0.0,0.0,0.0,789622.4584068968
2024-08-06,0,0.0,0.0,0.0,789622.4584068968
2024-08-07,0,0.0,0.0,0.0,789622.4584068968
2024-08-08,0,0.0,0.0,0.0,789622.4584068968
2024-08-11,0,0.0,0.0,0.0,789622.4584068968
2024-08-12,0,0.0,0.0,0.0,789622.4584068968
2024-08-13,0,0.0,0.0,0.0,789622.4584068968
2024-08-14,0,0.0,0.0,0.0,789622.4584068968
2024-08-15,0,0.0,0.0,0.0,789622.4584068968
2024-08-18,0,0.0,0.0,0.0,789622.4584068968
2024-08-21,0,0.0,0.0,0.0,789622.4584068968
2024-08-22,0,0.0,0.0,0.0,789622.4584068968
2024-08-25,0,0.0,0.0,0.0,789622.4584068968
2024-08-27,2,0.005185165215359611,0.007044531621163762,-0.001859366405804151,788154.2609344665
2024-08-28,0,0.0,0.0,0.0,788154.2609344665
2024-08-29,0,0.0,0.0,0.0,788154.2609344665
2024-09-01,0,0.0,0.0,0.0,788154.2609344665
2024-09-02,1,0.10000000000000009,0.006888439357595705,0.09311156064240439,861540.5341970355
2024-09-03,1,0.008264462809917328,0.006584895078798026,0.0016795677311193021,862987.549877324
2024-09-04,0,0.0,0.0,0.0,862987.549877324
2024-09-05,0,0.0,0.0,0.0,862987.549877324
2024-09-08,0,0.0,0.0,0.0,862987.549877324
2024-09-09,0,0.0,0.0,0.0,862987.549877324
2024-09-10,0,0.0,0.0,0.0,862987.549877324
2024-09-11,0,0.0,0.0,0.0,862987.549877324
2024-09-12,0,0.0,0.0,0.0,862987.549877324
2024-09-15,0,0.0,0.0,0.0,862987.549877324
2024-09-16,0,0.0,0.0,0.0,862987.549877324
2024-09-18,0,0.0,0.0,0.0,862987.549877324
2024-09-22,0,0.0,0.0,0.0,862987.549877324
2024-09-23,0,0.0,0.0,0.0,862987.549877324
2024-09-24,0,0.0,0.0,0.0,862987.549877324
2024-09-25,0,0.0,0.0,0.0,862987.549877324
2024-09-26,0,0.0,0.0,0.0,862987.549877324
2024-09-29,0,0.0,0.0,0.0,862987.549877324
2024-09-30,0,0.0,0.0,0.0,862987.549877324
2024-10-01,0,0.0,0.0,0.0,862987.549877324
2024-10-02,0,0.0,0.0,0.0,862987.549877324
2024-10-06,0,0.0,0.0,0.0,862987.549877324
2024-10-07,0,0.0,0.0,0.0,862987.549877324
2024-10-08,0,0.0,0.0,0.0,862987.549877324
2024-10-09,0,0.0,0.0,0.0,862987.549877324
2024-10-15,0,0.0,0.0,0.0,862987.549877324
2024-10-16,0,0.0,0.0,0.0,862987.549877324
2024-10-17,0,0.0,0.0,0.0,862987.549877324
2024-10-20,0,0.0,0.0,0.0,862987.549877324
2024-10-21,0,0.0,0.0,0.0,862987.549877324
2024-10-22,0,0.0,0.0,0.0,862987.549877324
2024-10-23,0,0.0,0.0,0.0,862987.549877324
2024-10-24,0,0.0,0.0,0.0,862987.549877324
2024-10-27,0,0.0,0.0,0.0,862987.549877324
2024-10-28,0,0.0,0.0,0.0,862987.549877324
2024-10-29,0,0.0,0.0,0.0,862987.549877324
2024-10-30,0,0.0,0.0,0.0,862987.549877324
2024-11-05,0,0.0,0.0,0.0,862987.549877324
2024-11-06,0,0.0,0.0,0.0,862987.549877324
2024-11-10,0,0.0,0.0,0.0,862987.549877324
2024-11-11,0,0.0,0.0,0.0,862987.549877324
2024-11-12,0,0.0,0.0,0.0,862987.549877324
2024-11-13,0,0.0,0.0,0.0,862987.549877324
2024-11-14,0,0.0,0.0,0.0,862987.549877324
2024-11-17,0,0.0,0.0,0.0,862987.549877324
2024-11-19,0,0.0,0.0,0.0,862987.549877324
2024-11-20,0,0.0,0.0,0.0,862987.549877324
2024-11-21,0,0.0,0.0,0.0,862987.549877324
2024-11-24,0,0.0,0.0,0.0,862987.549877324
2024-11-25,0,0.0,0.0,0.0,862987.549877324
2024-11-26,0,0.0,0.0,0.0,862987.549877324
2024-11-27,0,0.0,0.0,0.0,862987.549877324
2024-11-28,0,0.0,0.0,0.0,862987.549877324
2024-12-01,0,0.0,0.0,0.0,862987.549877324
2024-12-02,0,0.0,0.0,0.0,862987.549877324
2024-12-03,0,0.0,0.0,0.0,862987.549877324
2024-12-04,0,0.0,0.0,0.0,862987.549877324
2024-12-05,0,0.0,0.0,0.0,862987.549877324
2024-12-08,0,0.0,0.0,0.0,862987.549877324
2024-12-09,0,0.0,0.0,0.0,862987.549877324
2024-12-10,0,0.0,0.0,0.0,862987.549877324
2024-12-11,0,0.0,0.0,0.0,862987.549877324
2024-12-12,0,0.0,0.0,0.0,862987.549877324
2024-12-16,0,0.0,0.0,0.0,862987.549877324
2024-12-17,0,0.0,0.0,0.0,862987.549877324
2024-12-18,0,0.0,0.0,0.0,862987.549877324
2024-12-19,0,0.0,0.0,0.0,862987.549877324
2024-12-22,0,0.0,0.0,0.0,862987.549877324
2024-12-23,0,0.0,0.0,0.0,862987.549877324
2024-12-24,0,0.0,0.0,0.0,862987.549877324
2024-12-26,0,0.0,0.0,0.0,862987.549877324
2024-12-29,0,0.0,0.0,0.0,862987.549877324
2024-12-31,0,0.0,0.0,0.0,862987.549877324
2025-01-01,0,0.0,0.0,0.0,862987.549877324
2025-01-02,0,0.0,0.0,0.0,862987.549877324
2025-01-05,0,0.0,0.0,0.0,862987.549877324
2025-01-06,0,0.0,0.0,0.0,862987.549877324
2025-01-07,0,0.0,0.0,0.0,862987.549877324
2025-01-08,0,0.0,0.0,0.0,862987.549877324
2025-01-09,0,0.0,0.0,0.0,862987.549877324
2025-01-12,0,0.0,0.0,0.0,862987.549877324
2025-01-13,0,0.0,0.0,0.0,862987.549877324
2025-01-15,0,0.0,0.0,0.0,862987.549877324
2025-01-16,0,0.0,0.0,0.0,862987.549877324
2025-01-19,0,0.0,0.0,0.0,862987.549877324
2025-01-20,0,0.0,0.0,0.0,862987.549877324
2025-01-21,0,0.0,0.0,0.0,862987.549877324
2025-01-22,0,0.0,0.0,0.0,862987.549877324
2025-01-23,0,0.0,0.0,0.0,862987.549877324
2025-01-26,0,0.0,0.0,0.0,862987.549877324
2025-01-27,0,0.0,0.0,0.0,862987.549877324
2025-01-28,0,0.0,0.0,0.0,862987.549877324
2025-02-02,0,0.0,0.0,0.0,862987.549877324
2025-02-03,0,0.0,0.0,0.0,862987.549877324
2025-02-04,0,0.0,0.0,0.0,862987.549877324
2025-02-05,0,0.0,0.0,0.0,862987.549877324
2025-02-06,0,0.0,0.0,0.0,862987.549877324
2025-02-09,0,0.0,0.0,0.0,862987.549877324
2025-02-10,0,0.0,0.0,0.0,862987.549877324
2025-02-11,0,0.0,0.0,0.0,862987.549877324
2025-02-12,0,0.0,0.0,0.0,862987.549877324
2025-02-13,0,0.0,0.0,0.0,862987.549877324
2025-02-16,0,0.0,0.0,0.0,862987.549877324
2025-02-17,0,0.0,0.0,0.0,862987.549877324
2025-02-18,0,0.0,0.0,0.0,862987.549877324
2025-02-20,0,0.0,0.0,0.0,862987.549877324
2025-02-23,0,0.0,0.0,0.0,862987.549877324
2025-02-24,0,0.0,0.0,0.0,862987.549877324
2025-02-25,0,0.0,0.0,0.0,862987.549877324
2025-02-27,0,0.0,0.0,0.0,862987.549877324
2025-03-02,0,0.0,0.0,0.0,862987.549877324
2025-03-03,0,0.0,0.0,0.0,862987.549877324
2025-03-04,0,0.0,0.0,0.0,862987.549877324
2025-03-05,0,0.0,0.0,0.0,862987.549877324
2025-03-06,0,0.0,0.0,0.0,862987.549877324
2025-03-09,0,0.0,0.0,0.0,862987.549877324
2025-03-10,0,0.0,0.0,0.0,862987.549877324
2025-03-11,0,0.0,0.0,0.0,862987.549877324
2025-03-12,0,0.0,0.0,0.0,862987.549877324
2025-03-16,0,0.0,0.0,0.0,862987.549877324
2025-03-17,0,0.0,0.0,0.0,862987.549877324
2025-03-18,0,0.0,0.0,0.0,862987.549877324
2025-03-19,0,0.0,0.0,0.0,862987.549877324
2025-03-20,0,0.0,0.0,0.0,862987.549877324
2025-03-23,0,0.0,0.0,0.0,862987.549877324
2025-03-24,0,0.0,0.0,0.0,862987.549877324
2025-03-25,0,0.0,0.0,0.0,862987.549877324
2025-03-26,0,0.0,0.0,0.0,862987.549877324
2025-03-27,0,0.0,0.0,0.0,862987.549877324
2025-03-30,0,0.0,0.0,0.0,862987.549877324
2025-04-01,0,0.0,0.0,0.0,862987.549877324
2025-04-02,0,0.0,0.0,0.0,862987.549877324
2025-04-03,0,0.0,0.0,0.0,862987.549877324
2025-04-07,0,0.0,0.0,0.0,862987.549877324
2025-04-08,0,0.0,0.0,0.0,862987.549877324
2025-04-09,0,0.0,0.0,0.0,862987.549877324
2025-04-10,0,0.0,0.0,0.0,862987.549877324
2025-04-13,0,0.0,0.0,0.0,862987.549877324
2025-04-15,0,0.0,0.0,0.0,862987.549877324
2025-04-16,0,0.0,0.0,0.0,862987.549877324
2025-04-17,0,0.0,0.0,0.0,862987.549877324
2025-04-20,0,0.0,0.0,0.0,862987.549877324
2025-04-21,1,-3.1690196637623735e-05,0.006557835270289071,-0.006589525466926695,857300.8714397667
2025-04-22,0,0.0,0.0,0.0,857300.8714397667
2025-04-23,0,0.0,0.0,0.0,857300.8714397667
2025-04-24,0,0.0,0.0,0.0,857300.8714397667
2025-04-27,0,0.0,0.0,0.0,857300.8714397667
2025-04-28,0,0.0,0.0,0.0,857300.8714397667
2025-04-29,0,0.0,0.0,0.0,857300.8714397667
2025-04-30,0,0.0,0.0,0.0,857300.8714397667
2025-05-04,0,0.0,0.0,0.0,857300.8714397667
2025-05-05,0,0.0,0.0,0.0,857300.8714397667
2025-05-06,0,0.0,0.0,0.0,857300.8714397667
2025-05-07,0,0.0,0.0,0.0,857300.8714397667
2025-05-08,0,0.0,0.0,0.0,857300.8714397667
2025-05-11,0,0.0,0.0,0.0,857300.8714397667
2025-05-13,0,0.0,0.0,0.0,857300.8714397667
2025-05-14,0,0.0,0.0,0.0,857300.8714397667
2025-05-15,0,0.0,0.0,0.0,857300.8714397667
2025-05-18,0,0.0,0.0,0.0,857300.8714397667
2025-05-19,0,0.0,0.0,0.0,857300.8714397667
2025-05-20,0,0.0,0.0,0.0,857300.8714397667
2025-05-21,0,0.0,0.0,0.0,857300.8714397667
2025-05-22,1,0.019846429087353235,0.006622823476098557,0.013223605611254678,868637.4800538712
2025-05-25,0,0.0,0.0,0.0,868637.4800538712
2025-05-26,0,0.0,0.0,0.0,868637.4800538712
2025-05-27,1,0.014030261348005668,0.006603159761532955,0.0074271015864727135,875088.9388600489
2025-05-28,1,0.008153976005305319,0.006583637471498331,0.0015703385338069883,876463.1247412491
2025-06-02,0,0.0,0.0,0.0,876463.1247412491
2025-06-03,0,0.0,0.0,0.0,876463.1247412491
2025-06-04,0,0.0,0.0,0.0,876463.1247412491
2025-06-05,0,0.0,0.0,0.0,876463.1247412491
2025-06-08,0,0.0,0.0,0.0,876463.1247412491
2025-06-09,0,0.0,0.0,0.0,876463.1247412491
2025-06-10,0,0.0,0.0,0.0,876463.1247412491
2025-06-11,0,0.0,0.0,0.0,876463.1247412491
2025-06-12,0,0.0,0.0,0.0,876463.1247412491
2025-06-15,0,0.0,0.0,0.0,876463.1247412491
2025-06-16,0,0.0,0.0,0.0,876463.1247412491
2025-06-17,0,0.0,0.0,0.0,876463.1247412491
2025-06-18,0,0.0,0.0,0.0,876463.1247412491
2025-06-19,0,0.0,0.0,0.0,876463.1247412491
2025-06-22,0,0.0,0.0,0.0,876463.1247412491
2025-06-23,0,0.0,0.0,0.0,876463.1247412491
2025-06-24,0,0.0,0.0,0.0,876463.1247412491
2025-06-25,0,0.0,0.0,0.0,876463.1247412491
2025-06-26,0,0.0,0.0,0.0,876463.1247412491
2025-06-29,0,0.0,0.0,0.0,876463.1247412491
2025-06-30,0,0.0,0.0,0.0,876463.1247412491
2025-07-01,0,0.0,0.0,0.0,876463.1247412491
2025-07-02,0,0.0,0.0,0.0,876463.1247412491
2025-07-03,0,0.0,0.0,0.0,876463.1247412491
2025-07-06,0,0.0,0.0,0.0,876463.1247412491
2025-07-07,0,0.0,0.0,0.0,876463.1247412491
2025-07-08,0,0.0,0.0,0.0,876463.1247412491
2025-07-09,0,0.0,0.0,0.0,876463.1247412491
2025-07-10,0,0.0,0.0,0.0,876463.1247412491
2025-07-13,0,0.0,0.0,0.0,876463.1247412491
2025-07-14,0,0.0,0.0,0.0,876463.1247412491
2025-07-15,0,0.0,0.0,0.0,876463.1247412491
2025-07-16,0,0.0,0.0,0.0,876463.1247412491
2025-07-17,0,0.0,0.0,0.0,876463.1247412491
2025-07-20,0,0.0,0.0,0.0,876463.1247412491
2025-07-21,0,0.0,0.0,0.0,876463.1247412491
2025-07-22,0,0.0,0.0,0.0,876463.1247412491
2025-07-23,0,0.0,0.0,0.0,876463.1247412491
2025-07-24,0,0.0,0.0,0.0,876463.1247412491
2025-07-27,0,0.0,0.0,0.0,876463.1247412491
2025-07-28,0,0.0,0.0,0.0,876463.1247412491
2025-07-29,0,0.0,0.0,0.0,876463.1247412491
2025-07-30,0,0.0,0.0,0.0,876463.1247412491
2025-07-31,0,0.0,0.0,0.0,876463.1247412491
2025-08-03,0,0.0,0.0,0.0,876463.1247412491
2025-08-04,0,0.0,0.0,0.0,876463.1247412491
2025-08-05,0,0.0,0.0,0.0,876463.1247412491
2025-08-06,0,0.0,0.0,0.0,876463.1247412491
2025-08-07,0,0.0,0.0,0.0,876463.1247412491
2025-08-11,0,0.0,0.0,0.0,876463.1247412491
2025-08-12,0,0.0,0.0,0.0,876463.1247412491
2025-08-13,0,0.0,0.0,0.0,876463.1247412491
2025-08-14,0,0.0,0.0,0.0,876463.1247412491
2025-08-17,0,0.0,0.0,0.0,876463.1247412491
2025-08-18,0,0.0,0.0,0.0,876463.1247412491
2025-08-19,0,0.0,0.0,0.0,876463.1247412491
2025-08-20,0,0.0,0.0,0.0,876463.1247412491
2025-08-21,1,-0.01980555518408056,0.006492679411299264,-0.026298234595379822,853413.6918726041
2025-08-24,0,0.0,0.0,0.0,853413.6918726041
2025-08-25,0,0.0,0.0,0.0,853413.6918726041
2025-08-26,0,0.0,0.0,0.0,853413.6918726041
2025-08-27,0,0.0,0.0,0.0,853413.6918726041
2025-08-28,0,0.0,0.0,0.0,853413.6918726041
2025-08-31,0,0.0,0.0,0.0,853413.6918726041
2025-09-01,0,0.0,0.0,0.0,853413.6918726041
2025-09-02,0,0.0,0.0,0.0,853413.6918726041
2025-09-03,0,0.0,0.0,0.0,853413.6918726041
2025-09-04,0,0.0,0.0,0.0,853413.6918726041
2025-09-07,0,0.0,0.0,0.0,853413.6918726041
2025-09-08,0,0.0,0.0,0.0,853413.6918726041
2025-09-18,0,0.0,0.0,0.0,853413.6918726041
2025-09-21,0,0.0,0.0,0.0,853413.6918726041
2025-09-23,0,0.0,0.0,0.0,853413.6918726041
2025-09-24,0,0.0,0.0,0.0,853413.6918726041
2025-09-25,0,0.0,0.0,0.0,853413.6918726041
2025-09-28,0,0.0,0.0,0.0,853413.6918726041
2025-10-07,0,0.0,0.0,0.0,853413.6918726041
2025-10-08,0,0.0,0.0,0.0,853413.6918726041
2025-10-09,0,0.0,0.0,0.0,853413.6918726041
2025-10-12,0,0.0,0.0,0.0,853413.6918726041
2025-10-13,0,0.0,0.0,0.0,853413.6918726041
2025-10-14,0,0.0,0.0,0.0,853413.6918726041
2025-10-15,0,0.0,0.0,0.0,853413.6918726041
2025-10-16,0,0.0,0.0,0.0,853413.6918726041
2025-10-19,0,0.0,0.0,0.0,853413.6918726041
2025-10-26,0,0.0,0.0,0.0,853413.6918726041
2025-10-28,0,0.0,0.0,0.0,853413.6918726041
2025-10-29,0,0.0,0.0,0.0,853413.6918726041
2025-10-30,0,0.0,0.0,0.0,853413.6918726041
2025-11-02,0,0.0,0.0,0.0,853413.6918726041
2025-11-03,0,0.0,0.0,0.0,853413.6918726041
2025-11-04,0,0.0,0.0,0.0,853413.6918726041
2025-11-05,0,0.0,0.0,0.0,853413.6918726041
2025-11-06,0,0.0,0.0,0.0,853413.6918726041
2025-11-09,0,0.0,0.0,0.0,853413.6918726041
2025-11-10,0,0.0,0.0,0.0,853413.6918726041
2025-11-11,0,0.0,0.0,0.0,853413.6918726041
2025-11-12,0,0.0,0.0,0.0,853413.6918726041
2025-11-13,0,0.0,0.0,0.0,853413.6918726041
2025-11-16,0,0.0,0.0,0.0,853413.6918726041
2025-11-17,0,0.0,0.0,0.0,853413.6918726041
2025-11-18,0,0.0,0.0,0.0,853413.6918726041
2025-11-19,0,0.0,0.0,0.0,853413.6918726041
2025-11-20,0,0.0,0.0,0.0,853413.6918726041
2025-11-23,0,0.0,0.0,0.0,853413.6918726041
2025-11-24,0,0.0,0.0,0.0,853413.6918726041
2025-11-25,0,0.0,0.0,0.0,853413.6918726041
2025-11-26,0,0.0,0.0,0.0,853413.6918726041
2025-11-27,0,0.0,0.0,0.0,853413.6918726041
2025-11-30,0,0.0,0.0,0.0,853413.6918726041
2025-12-01,0,0.0,0.0,0.0,853413.6918726041
2025-12-02,0,0.0,0.0,0.0,853413.6918726041
2025-12-03,0,0.0,0.0,0.0,853413.6918726041
2025-12-07,0,0.0,0.0,0.0,853413.6918726041
2025-12-08,0,0.0,0.0,0.0,853413.6918726041
2025-12-09,0,0.0,0.0,0.0,853413.6918726041
2025-12-10,0,0.0,0.0,0.0,853413.6918726041
2025-12-11,0,0.0,0.0,0.0,853413.6918726041
2025-12-14,0,0.0,0.0,0.0,853413.6918726041
2025-12-15,0,0.0,0.0,0.0,853413.6918726041
2025-12-16,0,0.0,0.0,0.0,853413.6918726041
2025-12-17,0,0.0,0.0,0.0,853413.6918726041
2025-12-18,0,0.0,0.0,0.0,853413.6918726041
2025-12-21,0,0.0,0.0,0.0,853413.6918726041
2025-12-22,0,0.0,0.0,0.0,853413.6918726041
2025-12-23,0,0.0,0.0,0.0,853413.6918726041
2025-12-24,0,0.0,0.0,0.0,853413.6918726041
2025-12-28,0,0.0,0.0,0.0,853413.6918726041
2025-12-29,0,0.0,0.0,0.0,853413.6918726041
2025-12-31,0,0.0,0.0,0.0,853413.6918726041
2026-01-01,0,0.0,0.0,0.0,853413.6918726041
2026-01-04,0,0.0,0.0,0.0,853413.6918726041
2026-01-05,0,0.0,0.0,0.0,853413.6918726041
2026-01-06,0,0.0,0.0,0.0,853413.6918726041
2026-01-07,0,0.0,0.0,0.0,853413.6918726041
2026-01-08,0,0.0,0.0,0.0,853413.6918726041
2026-01-12,0,0.0,0.0,0.0,853413.6918726041
2026-01-13,0,0.0,0.0,0.0,853413.6918726041
2026-01-14,0,0.0,0.0,0.0,853413.6918726041
2026-01-18,0,0.0,0.0,0.0,853413.6918726041
2026-01-20,0,0.0,0.0,0.0,853413.6918726041
2026-01-21,0,0.0,0.0,0.0,853413.6918726041
2026-01-22,0,0.0,0.0,0.0,853413.6918726041
2026-01-25,0,0.0,0.0,0.0,853413.6918726041
2026-01-26,0,0.0,0.0,0.0,853413.6918726041
2026-01-27,0,0.0,0.0,0.0,853413.6918726041
2026-01-28,0,0.0,0.0,0.0,853413.6918726041
2026-01-29,0,0.0,0.0,0.0,853413.6918726041
2026-02-01,0,0.0,0.0,0.0,853413.6918726041
2026-02-02,0,0.0,0.0,0.0,853413.6918726041
2026-02-03,0,0.0,0.0,0.0,853413.6918726041
2026-02-04,0,0.0,0.0,0.0,853413.6918726041
2026-02-05,1,0.0997723823975718,0.006882848475528668,0.09288953392204313,932686.8919533403
2026-02-08,0,0.0,0.0,0.0,932686.8919533403
2026-02-09,0,0.0,0.0,0.0,932686.8919533403
2026-02-10,0,0.0,0.0,0.0,932686.8919533403
2026-02-11,0,0.0,0.0,0.0,932686.8919533403
2026-02-12,0,0.0,0.0,0.0,932686.8919533403
2026-02-16,0,0.0,0.0,0.0,932686.8919533403
2026-02-17,0,0.0,0.0,0.0,932686.8919533403
2026-02-22,0,0.0,0.0,0.0,932686.8919533403
2026-02-23,0,0.0,0.0,0.0,932686.8919533403
2026-02-24,0,0.0,0.0,0.0,932686.8919533403
2026-02-25,0,0.0,0.0,0.0,932686.8919533403
2026-02-26,0,0.0,0.0,0.0,932686.8919533403
2026-03-01,0,0.0,0.0,0.0,932686.8919533403
2026-03-03,0,0.0,0.0,0.0,932686.8919533403
2026-03-09,0,0.0,0.0,0.0,932686.8919533403
2026-03-10,0,0.0,0.0,0.0,932686.8919533403
2026-03-11,0,0.0,0.0,0.0,932686.8919533403
2026-03-12,0,0.0,0.0,0.0,932686.8919533403
2026-03-15,0,0.0,0.0,0.0,932686.8919533403
2026-03-16,0,0.0,0.0,0.0,932686.8919533403
2026-03-17,0,0.0,0.0,0.0,932686.8919533403
2026-03-19,0,0.0,0.0,0.0,932686.8919533403
2026-03-22,0,0.0,0.0,0.0,932686.8919533403
2026-03-23,0,0.0,0.0,0.0,932686.8919533403
2026-03-24,0,0.0,0.0,0.0,932686.8919533403
2026-03-25,0,0.0,0.0,0.0,932686.8919533403
2026-03-26,0,0.0,0.0,0.0,932686.8919533403
2026-03-29,0,0.0,0.0,0.0,932686.8919533403
2026-03-30,0,0.0,0.0,0.0,932686.8919533403
2026-03-31,0,0.0,0.0,0.0,932686.8919533403
2026-04-01,0,0.0,0.0,0.0,932686.8919533403
2026-04-02,0,0.0,0.0,0.0,932686.8919533403
2026-04-05,0,0.0,0.0,0.0,932686.8919533403
2026-04-06,0,0.0,0.0,0.0,932686.8919533403
2026-04-07,0,0.0,0.0,0.0,932686.8919533403
2026-04-08,0,0.0,0.0,0.0,932686.8919533403
2026-04-09,0,0.0,0.0,0.0,932686.8919533403
2026-04-10,0,0.0,0.0,0.0,932686.8919533403
2026-04-13,0,0.0,0.0,0.0,932686.8919533403
2026-04-15,0,0.0,0.0,0.0,932686.8919533403
2026-04-16,0,0.0,0.0,0.0,932686.8919533403
2026-04-17,0,0.0,0.0,0.0,932686.8919533403
2026-04-20,0,0.0,0.0,0.0,932686.8919533403
2026-04-21,0,0.0,0.0,0.0,932686.8919533403
2026-04-22,0,0.0,0.0,0.0,932686.8919533403
2026-04-23,0,0.0,0.0,0.0,932686.8919533403
2026-04-24,0,0.0,0.0,0.0,932686.8919533403
2026-04-27,0,0.0,0.0,0.0,932686.8919533403
2026-04-28,0,0.0,0.0,0.0,932686.8919533403
2026-04-29,0,0.0,0.0,0.0,932686.8919533403
2026-04-30,0,0.0,0.0,0.0,932686.8919533403
2026-05-04,0,0.0,0.0,0.0,932686.8919533403
2026-05-05,0,0.0,0.0,0.0,932686.8919533403
2026-05-06,0,0.0,0.0,0.0,932686.8919533403
2026-05-07,0,0.0,0.0,0.0,932686.8919533403
2026-05-08,0,0.0,0.0,0.0,932686.8919533403
2026-05-11,0,0.0,0.0,0.0,932686.8919533403
2026-05-12,0,0.0,0.0,0.0,932686.8919533403
2026-05-13,0,0.0,0.0,0.0,932686.8919533403
2026-05-14,0,0.0,0.0,0.0,932686.8919533403
2026-05-15,0,0.0,0.0,0.0,932686.8919533403
2026-05-18,0,0.0,0.0,0.0,932686.8919533403
2026-05-19,0,0.0,0.0,0.0,932686.8919533403
2026-05-20,0,0.0,0.0,0.0,932686.8919533403
2026-05-21,0,0.0,0.0,0.0,932686.8919533403
2026-05-22,0,0.0,0.0,0.0,932686.8919533403
2026-05-25,0,0.0,0.0,0.0,932686.8919533403
2026-05-26,0,0.0,0.0,0.0,932686.8919533403
2026-05-27,0,0.0,0.0,0.0,932686.8919533403
2026-06-01,0,0.0,0.0,0.0,932686.8919533403
2026-06-02,0,0.0,0.0,0.0,932686.8919533403
2026-06-03,0,0.0,0.0,0.0,932686.8919533403
2026-06-04,0,0.0,0.0,0.0,932686.8919533403
2026-06-05,0,0.0,0.0,0.0,932686.8919533403
2026-06-08,0,0.0,0.0,0.0,932686.8919533403
2026-06-09,0,0.0,0.0,0.0,932686.8919533403
2026-06-10,0,0.0,0.0,0.0,932686.8919533403
2026-06-11,0,0.0,0.0,0.0,932686.8919533403
2026-06-12,0,0.0,0.0,0.0,932686.8919533403
2026-06-15,0,0.0,0.0,0.0,932686.8919533403
2026-06-16,0,0.0,0.0,0.0,932686.8919533403
2026-06-17,0,0.0,0.0,0.0,932686.8919533403
2026-06-18,0,0.0,0.0,0.0,932686.8919533403
2026-06-19,0,0.0,0.0,0.0,932686.8919533403
2026-06-22,0,0.0,0.0,0.0,932686.8919533403
2026-06-23,0,0.0,0.0,0.0,932686.8919533403
2026-06-24,0,0.0,0.0,0.0,932686.8919533403
2026-06-25,0,0.0,0.0,0.0,932686.8919533403
2026-06-26,0,0.0,0.0,0.0,932686.8919533403
2026-06-29,0,0.0,0.0,0.0,932686.8919533403
2026-06-30,0,0.0,0.0,0.0,932686.8919533403
2026-07-01,0,0.0,0.0,0.0,932686.8919533403
2026-07-02,0,0.0,0.0,0.0,932686.8919533403
2026-07-03,0,0.0,0.0,0.0,932686.8919533403
2026-07-06,0,0.0,0.0,0.0,932686.8919533403
2026-07-07,0,0.0,0.0,0.0,932686.8919533403
2026-07-08,0,0.0,0.0,0.0,932686.8919533403
2026-07-09,0,0.0,0.0,0.0,932686.8919533403
2026-07-10,0,0.0,0.0,0.0,932686.8919533403
2026-07-13,0,0.0,0.0,0.0,932686.8919533403
2026-07-14,0,0.0,0.0,0.0,932686.8919533403
2026-07-15,0,0.0,0.0,0.0,932686.8919533403
2026-07-16,0,0.0,0.0,0.0,932686.8919533403
2026-07-17,0,0.0,0.0,0.0,932686.8919533403
2026-07-20,0,0.0,0.0,0.0,932686.8919533403
2026-07-21,0,0.0,0.0,0.0,932686.8919533403
2026-07-22,0,0.0,0.0,0.0,932686.8919533403
2026-07-23,0,0.0,0.0,0.0,932686.8919533403
2026-07-24,0,0.0,0.0,0.0,932686.8919533403
2026-07-27,1,-0.0035714285714285587,0.0065420014158471445,-0.010113429987275702,923254.2283715204
2026-07-28,0,0.0,0.0,0.0,923254.2283715204
2026-07-29,0,0.0,0.0,0.0,923254.2283715204
2026-07-30,0,0.0,0.0,0.0,923254.2283715204
2026-07-31,0,0.0,0.0,0.0,923254.2283715204
2026-08-03,0,0.0,0.0,0.0,923254.2283715204
2026-08-04,0,0.0,0.0,0.0,923254.2283715204
2026-08-05,0,0.0,0.0,0.0,923254.2283715204
2026-08-06,0,0.0,0.0,0.0,923254.2283715204
2026-08-07,0,0.0,0.0,0.0,923254.2283715204
2026-08-10,0,0.0,0.0,0.0,923254.2283715204
2026-08-11,0,0.0,0.0,0.0,923254.2283715204
2026-08-12,0,0.0,0.0,0.0,923254.2283715204
2026-08-13,0,0.0,0.0,0.0,923254.2283715204
2026-08-14,0,0.0,0.0,0.0,923254.2283715204
