date,equity
2017-05-08,996275.0
2017-05-09,1010899.956186547
2017-05-11,1022249.1151284723
2017-05-15,1024634.48186019
2017-05-16,1019654.5470045364
2017-05-17,1013699.1325484135
2017-05-18,1013142.707602348
2017-05-21,998252.3015562921
2017-05-22,987333.9187242045
2017-05-23,993838.6492314435
2017-05-24,995794.0762309097
2017-05-28,981056.0357874654
2017-05-30,971748.9536192743
2017-05-31,974882.634735299
2017-06-01,972825.4365924642
2017-06-04,962946.9459934665
2017-06-05,970154.5291227951
2017-06-06,991937.3046763067
2017-06-07,980213.8635134638
2017-06-08,977133.6587578147
2017-06-11,958069.1769851632
2017-06-12,949017.9612128498
2017-06-13,952936.7397848839
2017-06-14,962725.4132879882
2017-06-15,960931.587222592
2017-06-18,950758.3777718799
2017-06-19,940424.2667057732
2017-06-20,935974.8781561578
2017-06-21,920378.0981641028
2017-06-22,928759.7628677787
2017-06-25,932517.3243787736
2017-06-27,930709.7152434195
2017-06-28,929523.9703385304
2017-07-02,915545.0391158453
2017-07-03,920153.4225562763
2017-07-04,915214.1252935993
2017-07-05,927295.5924843485
2017-07-06,950715.8581452006
2017-07-09,949245.6067851235
2017-07-10,937055.7232890386
2017-07-11,941377.1782679879
2017-07-12,941022.699690594
2017-07-13,938683.1273755637
2017-07-16,938690.2245927312
2017-07-17,955021.7125371136
2017-07-18,982631.6437245676
2017-07-19,978063.7221692356
2017-07-20,979027.1014569829
2017-07-23,980756.2596667438
2017-07-24,974870.5094599596
2017-07-25,976166.9852386855
2017-07-26,988481.4339090424
2017-07-27,987712.4003770774
2017-07-30,987330.3107630638
2017-07-31,995138.8862527754
2017-08-01,992583.6040501032
2017-08-02,994815.000029638
2017-08-03,991532.6833290583
2017-08-06,988954.1071616706
2017-08-07,992821.7163464128
2017-08-09,991738.0072131343
2017-08-10,990608.0627838552
2017-08-13,980278.1473748313
2017-08-15,970797.609256697
2017-08-16,971350.827509188
2017-08-17,974532.4175112695
2017-08-20,967564.9831017549
2017-08-21,965835.7866686967
2017-08-22,967036.3426648846
2017-08-23,964842.8443748889
2017-08-24,971998.6396661333
2017-08-27,966841.9709714946
2017-08-28,968105.6255623974
2017-08-30,958298.5397995288
2017-08-31,946673.6768369033
2017-09-04,930445.3927290911
2017-09-06,942674.1185799633
2017-09-07,931533.7897466297
2017-09-10,909787.7559959714
2017-09-11,911156.7173813634
2017-09-12,875550.4908290931
2017-09-13,871378.0914821593
2017-09-14,885774.9145068827
2017-09-17,893163.2325113807
2017-09-18,892913.1153073034
2017-09-20,891671.0789066235
2017-09-24,888291.9455863433
2017-09-25,895060.9761112279
2017-09-26,913754.4111177959
2017-10-03,926939.8511512838
2017-10-04,894399.7633830038
2017-10-08,877395.7433940361
2017-10-09,872447.0939385352
2017-10-10,873936.8226197889
2017-10-11,878792.0436251162
2017-10-12,876970.8377577493
2017-10-15,880972.194406089
2017-10-16,910049.0616406131
2017-10-17,905935.4041867993
2017-10-18,910980.5402282712
2017-10-22,911912.4298610077
2017-10-23,882746.4484560727
2017-10-24,876608.695227183
2017-10-25,861450.3737653876
2017-10-29,853386.6274381275
2017-10-30,852254.748255455
2017-10-31,849193.6058452349
2017-11-01,843826.5789093848
2017-11-02,842545.1854711517
2017-11-05,831657.4899713665
2017-11-06,829810.0176351898
2017-11-07,824805.690470536
2017-11-08,812407.74338768
2017-11-09,810703.498850895
2017-11-12,817348.4839116067
2017-11-13,831250.2438018881
2017-11-14,845689.1416385842
2017-11-15,836725.1319741283
2017-11-16,831787.7178875817
2017-11-19,832434.2685086706
2017-11-20,821750.073221023
2017-11-21,832223.2972488132
2017-11-22,838674.8038448679
2017-11-23,837307.2533143
2017-11-26,836121.504817204
2017-11-27,832880.415826083
2017-11-28,836862.2232844634
2017-11-29,837166.6489990393
2017-11-30,837452.7446947788
2017-12-04,833435.652210665
2017-12-05,832929.4078371851
2017-12-06,837843.8767647028
2017-12-10,816228.3588567289
2017-12-11,817842.5595394798
2017-12-12,811941.5117001011
2017-12-13,837206.7738104075
2017-12-14,841031.6299512261
2017-12-17,805733.800280991
2017-12-18,805819.2326386077
2017-12-19,801029.3456654222
2017-12-20,797180.0263339925
2017-12-21,789624.5596862016
2017-12-24,788634.6016424628
2017-12-26,780033.9302324051
2017-12-27,769891.7167575625
2017-12-28,752162.5926105604
2017-12-31,741111.0468305424
2018-01-01,761410.3630056042
2018-01-02,757138.4210448352
2018-01-03,750306.1488937422
2018-01-04,753641.6054732503
2018-01-07,805275.6458405772
2018-01-08,767413.9875130419
2018-01-09,774050.8703431473
2018-01-10,775413.1913813812
2018-01-14,762660.24083206
2018-01-16,750391.6315582823
2018-01-17,786712.7252998996
2018-01-21,749957.9748671396
2018-01-22,751055.4256522693
2018-01-23,750187.7557720409
2018-01-24,747141.7498125145
2018-01-25,752421.2781457274
2018-01-28,754938.8647647663
2018-01-29,754342.9540413779
2018-01-31,753915.1061225143
2018-02-01,770360.3868561061
2018-02-04,738121.6219450298
2018-02-05,731984.6079871167
2018-02-06,729725.1128935326
2018-02-07,724828.7677902525
2018-02-08,729303.857846735
2018-02-11,756819.159014559
2018-02-12,719658.6714471242
2018-02-14,726148.8872709444
2018-02-15,749739.9596363063
2018-02-18,738307.0661321795
2018-02-20,732096.6648996086
2018-02-21,728593.9855214768
2018-02-22,726168.5797788041
2018-02-25,720779.5484843991
2018-02-26,713689.3769044239
2018-02-27,716345.5340494714
2018-02-28,709342.9056671673
2018-03-04,685948.2394670025
2018-03-05,676216.1295389895
2018-03-06,682810.3575178648
2018-03-07,691853.0006939447
2018-03-11,676043.3204069883
2018-03-12,672927.5871806311
2018-03-13,669808.6416785349
2018-03-14,707535.1451711189
2018-03-15,673781.1872946494
2018-03-18,671101.2631043901
2018-03-19,667535.0449552032
2018-03-20,655748.253854363
2018-03-21,643157.4191182394
2018-03-22,638789.4576129825
2018-03-26,611865.4825954019
2018-03-27,634699.5181650602
2018-03-28,609954.5432748882
2018-03-29,618718.4463522374
2018-04-01,606619.4654159818
2018-04-02,604531.4372237334
2018-04-03,603490.8492952808
2018-04-04,622833.8219410246
2018-04-05,633323.7666099133
2018-04-08,661560.481526243
2018-04-09,657973.509539506
2018-04-10,647173.6472425801
2018-04-11,648277.9868205214
2018-04-12,650869.4751280403
2018-04-15,653292.503003746
2018-04-16,665964.8874270744
2018-04-17,685358.7854601564
2018-04-18,698374.7417414779
2018-04-19,702375.7996540908
2018-04-22,726317.9036884845
2018-04-23,711376.7982983066
2018-04-24,704980.1958358694
2018-04-25,701081.7212145639
2018-04-26,689754.8695878936
2018-04-29,685139.7867688219
2018-05-02,693801.0899258784
2018-05-03,695467.2558166824
2018-05-06,689465.3976477318
2018-05-07,682994.7473541831
2018-05-08,690369.9569000406
2018-05-09,687173.3706993288
2018-05-10,684557.7969117581
2018-05-14,678710.3324056068
2018-05-15,679416.0254752636
2018-05-16,712803.1517171048
2018-05-17,678426.8594333444
2018-05-20,679526.037536705
2018-05-21,714827.5341757159
2018-05-22,677013.517855615
2018-05-23,710458.945706386
2018-05-24,669647.1016963967
2018-05-27,662179.2934057689
2018-05-28,683547.8388968747
2018-05-29,678159.5278819771
2018-05-30,680484.6251792974
2018-05-31,673492.7379076524
2018-06-03,657387.9748039135
2018-06-04,650831.1498073069
2018-06-06,659813.987020354
2018-06-07,650545.6292575815
2018-06-10,636620.6050055772
2018-06-11,679527.4728470454
2018-06-12,640886.8782534712
2018-06-13,641460.8614066448
2018-06-14,642159.8644681391
2018-06-17,634697.8445117075
2018-06-18,676826.8544523241
2018-06-19,632605.8672092194
2018-06-20,629321.2079971413
2018-06-21,630538.9043393707
2018-06-24,628108.1086141763
2018-06-25,626788.2776885912
2018-06-26,620446.6051502196
2018-06-27,620600.6351295424
2018-06-28,621562.0343928626
2018-07-01,612616.9906508634
2018-07-02,613301.4617258696
2018-07-03,649363.6350131382
2018-07-04,613856.104883678
2018-07-05,632190.9305704866
2018-07-08,628333.1290906393
2018-07-09,623660.6625664196
2018-07-10,623538.4405612296
2018-07-11,625979.9936495245
2018-07-12,616067.0116251665
2018-07-15,622694.9051406664
2018-07-16,632451.94694053
2018-07-17,620945.9156723395
2018-07-18,617070.5416365671
2018-07-19,613284.2295670997
2018-07-22,604287.5511263739
2018-07-23,613334.8963086716
2018-07-24,613868.313922417
2018-07-25,611456.5822555763
2018-07-26,610372.449831858
2018-07-29,610467.6143565289
2018-07-30,650487.0737907551
2018-07-31,608760.1413025095
2018-08-01,652016.2751213775
2018-08-02,609097.2084083989
2018-08-05,609923.4642122514
2018-08-06,611944.9196377757
2018-08-07,612065.2184567598
2018-08-08,612562.6847191865
2018-08-09,608716.6833417494
2018-08-12,597419.1881883107
2018-08-13,602050.0329094995
2018-08-14,605511.8925603091
2018-08-15,616057.5869195289
2018-08-16,615384.1529649495
2018-08-19,609930.303814275
2018-08-20,607302.1165490975
2018-08-21,604740.4041076828
2018-08-22,604873.2975319437
2018-08-23,601968.8937718265
2018-08-26,599759.1434966973
2018-08-28,600023.7382057424
2018-08-29,598151.9609017179
2018-08-30,600641.434285404
2018-09-02,605080.5425904107
2018-09-03,611739.106033983
2018-09-04,610508.0247981012
2018-09-05,620771.5299224484
2018-09-06,617549.3247943105
2018-09-09,612054.9244358919
2018-09-10,652273.5005676736
2018-09-11,611439.0215062507
2018-09-12,618300.3410574096
2018-09-13,616099.1842758913
2018-09-16,622434.7816198138
2018-09-17,622871.0997867163
2018-09-18,627414.4816989591
2018-09-20,620799.8098316217
2018-09-23,621960.0716167704
2018-09-25,624916.1808550138
2018-09-26,624610.3318688422
2018-09-27,620812.5612971673
2018-09-30,617205.9322458709
2018-10-01,611966.1000566379
2018-10-02,613316.1002973074
2018-10-03,611371.0655541967
2018-10-04,656037.5591409482
2018-10-07,605900.1757996457
2018-10-08,608540.3300779919
2018-10-09,606719.8842603809
2018-10-10,605002.4905499594
2018-10-11,608333.0771379976
2018-10-14,612965.8468702368
2018-10-15,612942.2072309867
2018-10-21,689932.3526838474
2018-10-22,609828.642019675
2018-10-23,608274.3037803544
2018-10-24,663458.376952854
2018-10-25,607705.0610249706
2018-10-28,601946.8483987745
2018-10-29,600847.7184721082
2018-10-30,601914.1560287961
2018-10-31,603285.1915876615
2018-11-01,602333.5952572245
2018-11-04,595527.1302195195
2018-11-05,654795.9473658566
2018-11-06,727681.0340463703
2018-11-11,595550.3609401024
2018-11-12,592360.7747691738
2018-11-13,596263.5306803918
2018-11-14,597795.5543162117
2018-11-15,595815.584323589
2018-11-18,591876.817470337
2018-11-19,589731.836359555
2018-11-20,584220.5056810286
2018-11-21,585061.7301740184
2018-11-22,583092.8844307741
2018-11-25,633571.1452968058
2018-11-26,620836.2883820719
2018-11-27,630925.5366108746
2018-11-28,573790.0355330756
2018-11-29,568405.2514589018
2018-12-02,561210.40525548
2018-12-03,561109.1706421833
2018-12-04,565795.3183936038
2018-12-05,557829.9195444388
2018-12-06,555371.9884370499
2018-12-09,559210.1168473354
2018-12-10,606924.3678131346
2018-12-11,605689.0166356963
2018-12-12,563778.6575688386
2018-12-13,610909.3581473329
2018-12-16,570980.213105183
2018-12-17,577936.0594862252
2018-12-18,571323.934551333
2018-12-19,570557.4506476669
2018-12-20,573144.7691843108
2018-12-23,585349.2564742287
2018-12-24,585627.580048817
2018-12-25,636871.4045855271
2018-12-26,596564.4358294725
2018-12-27,599028.7629071575
2018-12-30,586504.4482794758
2018-12-31,580754.3559515133
2019-01-01,632653.0148037804
2019-01-02,632392.2935002755
2019-01-03,564323.9539088648
2019-01-06,599407.3763730944
2019-01-07,561037.7577084459
2019-01-08,559253.1939995474
2019-01-09,559261.1090696419
2019-01-10,563452.164770033
2019-01-13,616060.1618088001
2019-01-14,565020.2102553811
2019-01-15,570897.1778495512
2019-01-16,567638.6269616246
2019-01-17,557128.1071866023
2019-01-20,594743.1125283479
2019-01-21,548200.4772604002
2019-01-22,549514.407494982
2019-01-23,551903.8279038105
2019-01-24,551471.4501983268
2019-01-27,547933.6563465493
2019-01-28,549232.1032978258
2019-01-29,588170.957125652
2019-01-30,548668.8895883803
2019-01-31,548590.2214615764
2019-02-03,545146.5534537531
2019-02-04,541167.5631219898
2019-02-05,542043.8053151005
2019-02-06,541223.6437602548
2019-02-07,540228.7433116173
2019-02-10,532839.3016933375
2019-02-11,534278.3142073432
2019-02-12,535397.4596627466
2019-02-13,531653.6737612032
2019-02-14,528583.4131082761
2019-02-17,528169.7188794613
2019-02-18,525180.2735655786
2019-02-19,533187.2853924999
2019-02-20,584980.1109469066
2019-02-21,528699.8694693485
2019-02-24,524551.113205818
2019-02-25,527883.7444935871
2019-02-26,520087.31686541176
2019-02-27,563345.0274629195
2019-03-03,520397.66302754334
2019-03-05,580125.4516170783
2019-03-06,526888.6777468192
2019-03-07,533070.1818655733
2019-03-10,533822.1640821135
2019-03-11,537959.2684224236
2019-03-12,545685.7548899858
2019-03-13,538721.0160209865
2019-03-14,541442.1795669703
2019-03-17,542358.7046158689
2019-03-18,537869.7952599882
2019-03-19,536177.2372060772
2019-03-21,590539.2150030505
2019-03-24,531026.5510681244
2019-03-25,531382.4966679519
2019-03-26,532377.0112625976
2019-03-27,578947.7485014285
2019-03-28,533297.6147979047
2019-03-31,533891.0249672539
2019-04-01,536319.7626968708
2019-04-02,538615.967110368
2019-04-03,537885.2640779206
2019-04-04,539111.1310450676
2019-04-07,542315.2053620656
2019-04-08,548569.7342044293
2019-04-09,544536.2395846569
2019-04-10,545258.1012576912
2019-04-11,547484.4672134691
2019-04-15,608022.1465717199
2019-04-16,558687.6753606948
2019-04-17,560065.2823914114
2019-04-18,568049.0117395947
2019-04-21,579399.7601370662
2019-04-22,578851.9838021195
2019-04-23,578264.1963706204
2019-04-24,638980.2198669233
2019-04-25,585355.949857947
2019-04-28,604757.4925497208
2019-04-29,594952.4019832474
2019-04-30,595698.4234240602
2019-05-02,585134.5560847556
2019-05-05,573965.0204119941
2019-05-06,578364.4506901448
2019-05-07,577491.8415308445
2019-05-08,575373.3788213264
2019-05-09,571536.5065416829
2019-05-12,571909.8637266743
2019-05-13,574518.1586121412
2019-05-14,574264.7856130239
2019-05-15,573439.8692955846
2019-05-16,569153.2887834543
2019-05-19,569466.1566519216
2019-05-20,565511.2250484631
2019-05-21,568824.1667642506
2019-05-22,574972.7534232633
2019-05-23,569394.4783806234
2019-05-26,567281.8318179573
2019-05-27,566113.9204203851
2019-05-28,566578.7136106782
2019-05-29,568991.851541384
2019-05-30,569892.5712736219
2019-06-02,565589.6920645583
2019-06-03,562194.9304342851
2019-06-04,560623.6891772824
2019-06-06,560086.1940689756
2019-06-10,556737.6771581746
2019-06-11,554661.7215171158
2019-06-12,554094.2125167116
2019-06-13,553845.9567328871
2019-06-16,547545.0798940379
2019-06-17,550768.9303886552
2019-06-18,550960.1245182101
2019-06-19,550033.748620391
2019-06-20,551219.8487835383
2019-06-23,546762.6845680466
2019-06-24,550447.2400703081
2019-06-25,549848.2575404941
2019-06-26,547282.9999944436
2019-06-27,546526.7275417154
2019-06-30,540215.0215936861
2019-07-01,542059.476238262
2019-07-02,592212.7424820863
2019-07-03,548805.2522511538
2019-07-04,547493.2678765438
2019-07-07,569823.843510745
2019-07-08,567840.399951799
2019-07-09,568881.274174402
2019-07-10,606121.2705070492
2019-07-11,570379.844167972
2019-07-14,570145.0054597611
2019-07-15,570873.3904851554
2019-07-16,628989.5759009027
2019-07-17,577538.2560483207
2019-07-18,577406.44909013
2019-07-21,574489.2987725519
2019-07-22,576677.4162782693
2019-07-23,578899.6336107025
2019-07-24,580735.3650102156
2019-07-25,575243.1002632554
2019-07-28,569955.2558893351
2019-07-29,571090.3531065342
2019-07-30,572281.5897520169
2019-07-31,574624.3621556907
2019-08-01,576135.4682770168
2019-08-04,574803.5448603726
2019-08-05,575119.7956438431
2019-08-06,571427.2433758992
2019-08-07,572847.7084994132
2019-08-08,567502.5621930694
2019-08-11,565834.699342749
2019-08-12,566796.7868450475
2019-08-13,564697.064949745
2019-08-14,598982.9248202312
2019-08-15,615707.3260629348
2019-08-18,560054.3707057242
2019-08-19,561160.9402266144
2019-08-20,617510.3578467511
2019-08-21,617066.3656317826
2019-08-22,559318.3383651014
2019-08-25,613762.3758147575
2019-08-26,553253.5700024373
2019-08-27,555401.7367253539
2019-08-28,551707.9342301809
2019-08-29,552267.4537561673
2019-09-01,547177.061810367
2019-09-02,542131.6448953174
2019-09-03,549584.9254815098
2019-09-04,549657.9300918737
2019-09-05,549751.1321886987
2019-09-08,546238.2854929807
2019-09-09,544440.3373770579
2019-09-10,542328.9555078484
2019-09-11,543196.0557893607
2019-09-12,538054.1288539146
2019-09-15,532866.1388942489
2019-09-16,527185.7168913467
2019-09-17,535443.2722623863
2019-09-18,543277.1105651566
2019-09-19,540359.3994399313
2019-09-22,530728.2314814065
2019-09-23,588998.5278032429
2019-09-24,531130.3426198432
2019-09-25,530504.8093299773
2019-09-26,528190.1915998176
2019-09-29,567358.6459607453
2019-09-30,530794.5942804897
2019-10-01,534707.427244158
2019-10-02,532046.4837067607
2019-10-03,629350.9779042854
2019-10-10,688947.6392950363
2019-10-14,531261.9880822935
2019-10-15,589314.1348219763
2019-10-16,589795.1469695767
2019-10-17,592323.371108872
2019-10-20,576191.6513742978
2019-10-21,566986.558152132
2019-10-22,532028.4037846419
2019-10-23,533718.0801340209
2019-10-24,537425.8993619548
2019-10-31,536047.2058654655
2019-11-03,653557.091679478
2019-11-04,538040.060539629
2019-11-05,538489.9345552393
2019-11-06,536984.1643184628
2019-11-07,535403.6692090478
2019-11-10,534049.4263615352
2019-11-11,538928.4296189611
2019-11-12,537262.7389801998
2019-11-13,527450.8429701144
2019-11-14,527414.2461360311
2019-11-17,525243.9892197645
2019-11-18,526075.6122238506
2019-11-19,523521.0303958675
2019-11-20,523613.6286292935
2019-11-21,640621.8741765106
2019-11-24,519378.44466496026
2019-11-25,578386.0672168164
2019-11-26,518514.5246137734
2019-11-27,523328.85024901916
2019-11-28,520558.84347331367
2019-12-01,522722.0657758745
2019-12-02,509040.94680445816
2019-12-03,511053.2756161933
2019-12-04,516254.58143856097
2019-12-05,518525.1006928804
2019-12-08,518823.04734853643
2019-12-09,526156.8287189353
2019-12-10,524214.2151128519
2019-12-11,529055.5403009497
2019-12-12,537601.9239094455
2019-12-15,533238.4873319506
2019-12-16,529715.0387277724
2019-12-17,531920.8381394974
2019-12-18,531308.1827690676
2019-12-19,531504.2244613501
2019-12-22,530392.6665536637
2019-12-23,532890.6444608017
2019-12-24,525770.1585766986
2019-12-25,526304.5100002346
2019-12-26,526519.8096995592
2019-12-29,525057.6936843685
2019-12-30,515135.3985551503
2019-12-31,517461.03502515715
2020-01-01,520212.9220117551
2020-01-02,520065.43720437743
2020-01-05,525631.125771484
2020-01-06,528121.2873076346
2020-01-07,531572.9846377261
2020-01-08,533043.6370238299
2020-01-09,536115.5400264296
2020-01-12,553979.4217404248
2020-01-13,556446.2930551035
2020-01-14,554859.9324870678
2020-01-15,558326.777385023
2020-01-16,565120.6671623508
2020-01-19,577875.9180770098
2020-01-20,542545.8553161682
2020-01-21,548177.1715320229
2020-01-22,547354.2265333406
2020-01-23,543625.621229889
2020-01-26,534776.6045756778
2020-01-27,544888.6804054509
2020-01-28,551234.3234199459
2020-01-29,556553.6032614901
2020-01-30,563249.178985936
2020-02-02,569346.2645214613
2020-02-03,572324.9464648011
2020-02-04,565982.3811486856
2020-02-05,566146.4970180974
2020-02-06,622454.9364251773
2020-02-09,558071.5256665589
2020-02-10,545656.138688684
2020-02-11,553769.9452037023
2020-02-12,559700.6238486696
2020-02-13,563975.8798672355
2020-02-16,578197.1678119994
2020-02-17,587513.9962264526
2020-02-18,584197.7433334964
2020-02-19,592414.0285411522
2020-02-20,609135.9874509868
2020-02-23,626443.1248783529
2020-02-24,620784.0362636317
2020-02-25,629772.6537709588
2020-02-26,640916.5618468539
2020-02-27,643146.0302124798
2020-03-01,630301.1503744568
2020-03-02,595531.3583784353
2020-03-03,598728.224265594
2020-03-04,572640.222109197
2020-03-05,573077.2341505863
2020-03-10,543764.7091189964
2020-03-11,569932.545795329
2020-03-12,553656.1152938433
2020-03-15,531379.4222777751
2020-03-16,533588.056906382
2020-03-17,519330.1938485848
2020-03-18,509969.16597825685
2020-03-19,515607.4861170334
2020-03-22,568953.4340683124
2020-05-12,705482.3836356695
2020-05-13,609911.2139226536
2020-06-29,493511.40292627783
2020-06-30,523077.6818875098
2020-07-01,551781.3415188419
2020-07-02,580190.6068266865
2020-07-05,526426.1177345542
2020-07-06,541019.698193561
2020-07-07,547940.7403130543
2020-07-08,547102.7888129868
2020-07-09,549156.4547216384
2020-07-12,557605.6986748487
2020-07-13,558247.170447063
2020-07-14,563684.8262579709
2020-07-15,564682.8814059497
2020-07-16,572817.083421186
2020-07-19,607077.7737253993
2020-07-20,591946.3256795345
2020-07-21,588128.9841832627
2020-07-22,583098.1088644512
2020-07-23,591085.3464079507
2020-07-26,601979.2990894485
2020-07-27,598692.0816294702
2020-07-28,594783.3984867645
2020-07-29,586640.5690028686
2020-07-30,590246.9708312907
2020-08-02,575416.3669769438
2020-08-03,576109.4138171065
2020-08-05,569843.2925693177
2020-08-06,568872.3575558654
2020-08-09,575159.8651996036
2020-08-10,587155.1857806571
2020-08-11,584376.8602707913
2020-08-12,584921.735669251
2020-08-13,578469.806986058
2020-08-16,574978.4607941768
2020-08-17,579867.268016633
2020-08-18,585018.2037660662
2020-08-19,577173.2922984972
2020-08-20,579307.251863908
2020-08-23,584568.0496738697
2020-08-24,591707.8671780969
2020-08-25,593799.3125337181
2020-08-26,598313.4331590477
2020-08-27,596530.1951445931
2020-08-30,596874.1802084814
2020-08-31,601621.6909481831
2020-09-02,614850.9782093074
2020-09-03,616901.2105184322
2020-09-06,618204.0846651962
2020-09-07,615782.2555672496
2020-09-08,617342.890823806
2020-09-09,621943.3498911852
2020-09-10,626473.1510149394
2020-09-13,638376.2339519063
2020-09-14,639230.2737752687
2020-09-15,639563.768016499
2020-09-16,643882.4427836764
2020-09-17,656447.1067791859
2020-09-20,654519.2131824635
2020-09-21,654922.9186977883
2020-09-22,644061.1967004177
2020-09-23,651939.988872803
2020-09-24,657134.4523435829
2020-09-27,654271.3587160653
2020-09-28,655827.9400276123
2020-09-29,655992.0050453586
2020-09-30,655447.6436964412
2020-10-01,668149.9645460937
2020-10-04,673220.930029442
2020-10-05,673805.7170962028
2020-10-06,670286.0257241292
2020-10-07,677470.8894211547
2020-10-08,678250.9246979024
2020-10-11,669919.0975962915
2020-10-12,672329.5915772137
2020-10-13,666673.8749367662
2020-10-14,661217.5738026701
2020-10-15,659584.8426417091
2020-10-18,656431.0419192404
2020-10-19,665310.8408326174
2020-10-20,668007.4228063964
2020-10-21,669827.3120818645
2020-10-22,671969.7286499762
2020-10-28,681960.0958615291
2020-10-29,681070.8533097163
2020-11-01,683008.2336502395
2020-11-02,688287.1807544999
2020-11-03,689374.0805782052
2020-11-04,688421.5918065811
2020-11-05,686726.1458549758
2020-11-08,691840.998970353
2020-11-09,689340.7284136934
2020-11-10,690328.240139518
2020-11-11,695837.2267967758
2020-11-12,695758.3215355518
2020-11-18,705155.5204007823
2020-11-19,715285.4160636527
2020-11-22,713070.1579900985
2020-11-23,710215.1818697607
2020-11-24,717985.382163399
2020-11-25,738270.2529056615
2020-11-26,746162.7695872695
2020-11-29,766423.8518881652
2020-11-30,780683.3149648748
2020-12-01,777027.6894577482
2020-12-02,804379.1333241867
2020-12-03,800950.3103009176
2020-12-06,760883.6589971711
2020-12-07,789120.1452616586
2020-12-08,798305.5642883803
2020-12-09,778345.7135902464
2020-12-10,777969.6915959482
2020-12-13,789711.3202201509
2020-12-14,808200.7115597249
2020-12-15,801661.7933563015
2020-12-16,796450.6857849859
2020-12-17,790716.3009231192
2020-12-20,759969.5337363404
2020-12-21,767855.7840492305
2020-12-22,806422.1021502785
2020-12-23,815883.0446493633
2020-12-24,805354.8415653987
2020-12-27,788658.3551405682
2020-12-28,787900.9496145166
2020-12-29,785883.2991937167
2020-12-30,754581.0829172538
2020-12-31,739570.940416325
2021-01-03,760296.5427160942
2021-01-04,763439.632079305
2021-01-05,767419.5097497707
2021-01-06,765743.7841096193
2021-01-07,774870.0934222925
2021-01-10,780822.2322814277
2021-01-11,784868.6788507939
2021-01-12,792578.5010724642
2021-01-13,803607.8968220431
2021-01-17,811185.6297856325
2021-01-18,815541.4873892239
2021-01-19,822981.0213461736
2021-01-20,838741.7370732462
2021-01-21,854729.4497846316
2021-01-24,858519.4490441119
2021-01-25,862815.4929768516
2021-01-26,861527.1016788101
2021-01-27,854600.1229919555
2021-01-28,860177.0666440916
2021-01-31,841468.9610764494
2021-02-01,847641.1918442352
2021-02-02,875510.0561815504
2021-02-03,876836.8531979092
2021-02-04,883087.2082941462
2021-02-07,919028.9384466828
2021-02-08,917869.6351998361
2021-02-09,908922.3392784138
2021-02-10,918003.6823666478
2021-02-11,915536.8247988995
2021-02-14,912146.7467676031
2021-02-15,960794.2299785725
2021-02-16,961079.532511464
2021-02-17,959990.1482643685
2021-02-18,953385.2028306595
2021-02-21,952253.7514674682
2021-02-22,953462.4436498347
2021-02-23,959425.6685051167
2021-02-24,956021.4008255027
2021-02-25,939667.8815136146
2021-02-28,919430.6168262277
2021-03-01,933408.2213259694
2021-03-02,909412.8481989668
2021-03-03,897535.4562116612
2021-03-04,926429.1411560727
2021-03-07,923853.1920209507
2021-03-09,917672.8575005381
2021-03-10,878849.547716878
2021-03-14,858239.7894415412
2021-03-15,843510.7280194644
2021-03-16,841950.6859505218
2021-03-17,859582.5921222842
2021-03-18,867724.3260119502
2021-03-21,887165.4508116122
2021-03-22,862535.3123840926
2021-03-23,864172.4724904262
2021-03-24,868673.6306306978
2021-03-25,858384.8674739893
2021-03-29,857094.5370868574
2021-03-30,867372.278036625
2021-03-31,876454.8530745485
2021-04-01,876599.2761499946
2021-04-04,892977.6852442884
2021-04-05,892039.7854241905
2021-04-06,895861.6888629342
2021-04-07,894334.6881975745
2021-04-08,893544.7380423072
2021-04-12,901664.909384351
2021-04-13,904305.6116598926
2021-04-15,906293.2354438531
2021-04-18,893855.3101095854
2021-04-19,884743.6718049123
2021-04-20,889415.1067338907
2021-04-21,878299.4769697926
2021-04-22,881128.1560764302
2021-04-25,857968.7715396323
2021-04-26,839436.4366704406
2021-04-27,871757.087135708
2021-04-28,868571.9886881863
2021-04-29,876821.4644637826
2021-05-02,900852.3211750829
2021-05-03,897817.6135041532
2021-05-04,898607.6058301189
2021-05-05,899920.9980402999
2021-05-06,890125.8815479751
2021-05-09,884441.9244508038
2021-05-10,888507.3795418936
2021-05-11,895538.424544685
2021-05-12,892610.7681215673
2021-05-13,898156.2772932883
2021-05-16,923757.2190518822
2021-05-17,935351.8930262803
2021-05-18,948522.0852524582
2021-05-19,948632.2784301321
2021-05-20,946192.6983231838
2021-05-23,954814.8172497507
2021-05-24,970047.7034625331
2021-05-25,973448.6748683248
2021-05-27,977351.1297527816
2021-05-30,973220.1795253557
2021-05-31,952845.951614301
2021-06-01,946457.1695108344
2021-06-02,964127.2826829293
2021-06-03,968561.8593874649
2021-06-06,970653.660675056
2021-06-07,972526.3132611268
2021-06-08,978153.8384134779
2021-06-09,990334.8265279272
2021-06-10,1000779.6849762317
2021-06-13,1022562.6729107571
2021-06-14,1019629.2906030999
2021-06-15,1012240.8420493688
2021-06-16,1002799.886095567
2021-06-17,1002951.4364756242
2021-06-20,984028.8065210233
2021-06-21,960362.2186775843
2021-06-22,984826.0786674924
2021-06-23,969737.0152979114
2021-06-24,964300.5088750431
2021-06-27,961675.2647830176
2021-06-28,958596.7450764924
2021-06-29,947076.2107067019
2021-06-30,944856.4295250658
2021-07-01,945987.5308808828
2021-07-04,944084.4079080073
2021-07-05,936480.4892190062
2021-07-06,933127.0411647953
2021-07-07,929565.4700960846
2021-07-08,938087.2296091905
2021-07-11,959243.7186739949
2021-07-12,945786.1623411406
2021-07-13,949381.9540606565
2021-07-14,952723.0035222418
2021-07-15,961768.1480248459
2021-07-18,983768.0335384448
2021-07-19,991424.2756649214
2021-07-20,1000325.6630897184
2021-07-22,1000095.400345707
2021-07-25,1017851.0850749584
2021-07-26,1030478.5152136347
2021-07-27,1033629.6933276351
2021-07-28,1033673.5576026789
2021-07-29,1022313.622928352
2021-08-01,1025371.5621302186
2021-08-02,1030960.0562617646
2021-08-03,1044448.3122166987
2021-08-04,1056281.0236241957
2021-08-05,1045812.5528875046
2021-08-08,1050942.1059560156
2021-08-09,1054483.8484234447
2021-08-10,1052718.4202219043
2021-08-11,1063796.5780554072
2021-08-12,1060710.6164944384
2021-08-15,1042282.491362734
2021-08-16,1048952.1424714252
2021-08-17,1054612.0153979084
2021-08-18,1075854.0794278542
2021-08-19,1091269.2260320175
2021-08-24,1070217.3778454014
2021-08-25,1049849.674896993
2021-08-26,1071113.9525765735
2021-08-29,1075591.8270452952
2021-08-31,1048457.2283673995
2021-09-01,1045624.2256182289
2021-09-02,1026667.7367562477
2021-09-05,989280.9805633369
2021-09-06,1044471.9327183522
2021-09-07,1022295.0063640993
2021-09-08,1005964.988653524
2021-09-09,1013724.5489046511
2021-09-12,1039009.519137359
2021-09-13,1028922.2636337759
2021-09-14,1019766.092943351
2021-09-15,1005423.1023874389
2021-09-16,980815.334077866
2021-09-20,938096.2166131295
2021-09-21,942721.463735878
2021-09-22,976741.9890951957
2021-09-23,969098.4611570091
2021-09-26,945145.842497699
2021-09-27,902444.3333301496
2021-09-28,874829.7692904025
2021-09-29,896877.3720073584
2021-09-30,884239.879192779
2021-10-03,864500.2879720565
2021-10-04,865691.6026651612
2021-10-05,883380.3124333521
2021-10-06,907057.9507073797
2021-10-10,905536.9198656545
2021-10-11,891739.4584750358
2021-10-17,896486.2252770129
2021-10-18,875639.0888321776
2021-10-19,840885.5007223737
2021-10-20,863839.765067405
2021-10-21,858601.3805945795
2021-10-24,870507.7445864434
2021-10-25,901020.7116601716
2021-10-26,925746.1817453498
2021-10-27,928408.8695557672
2021-10-28,939995.596604438
2021-10-31,956440.7450475529
2021-11-01,945665.2988432322
2021-11-02,946882.6013206952
2021-11-03,953703.875658629
2021-11-08,944294.2439162785
2021-11-09,919640.969636705
2021-11-11,901095.9200706303
2021-11-14,900087.3776133964
2021-11-15,909550.8036850472
2021-11-16,924678.1966721315
2021-11-17,921127.6614038879
2021-11-18,912251.9131057431
2021-11-21,911208.9412732959
2021-11-22,909388.0075232025
2021-11-23,900747.3137684914
2021-11-24,902460.6103167763
2021-11-25,894147.8596755267
2021-11-28,869604.3180953749
2021-11-29,858919.8232095116
2021-11-30,858224.239843227
2021-12-01,857658.9650540729
2021-12-02,842912.8304032839
2021-12-05,820992.6214967227
2021-12-06,829334.0415634797
2021-12-07,816322.5723134358
2021-12-08,797220.4568176665
2021-12-09,797297.1154316636
2021-12-12,769842.7828753841
2021-12-13,745519.9465309088
2021-12-14,790720.2801076159
2021-12-15,792190.9301239346
2021-12-16,779490.9418142971
2021-12-20,754478.8648581917
2021-12-21,771399.8404699621
2021-12-22,778412.6358566063
2021-12-23,792432.9092340291
2021-12-26,808871.3429419794
2021-12-27,790670.0424007187
2021-12-28,787653.9315061945
2021-12-29,787774.1496220367
2022-01-02,779811.7201353229
2022-01-03,782561.3751133964
2022-01-04,796650.2800368787
2022-01-05,790493.8320967468
2022-01-06,798295.4590125621
2022-01-09,816657.5362052532
2022-01-10,819479.0320894913
2022-01-11,834781.3019899664
2022-01-12,826541.9085419844
2022-01-13,846425.8872266355
2022-01-16,870935.586171627
2022-01-17,887029.3389827841
2022-01-18,878632.5769027292
2022-01-19,867516.9321949338
2022-01-20,877607.199983739
2022-01-23,880553.4258867768
2022-01-24,850471.2032630537
2022-01-25,849992.666182123
2022-01-26,839422.2786687904
2022-01-27,841672.0012539548
2022-01-30,873886.7885182163
2022-01-31,863573.3310260366
2022-02-01,875702.3267059705
2022-02-03,880662.999492136
2022-02-06,856088.0480676965
2022-02-07,852395.0371097977
2022-02-08,843261.7414873872
2022-02-09,835537.4569421902
2022-02-10,832399.5036105628
2022-02-13,801719.22667173
2022-02-14,801116.2551122437
2022-02-15,818573.5907077134
2022-02-16,811002.7367200347
2022-02-17,809157.5639196691
2022-02-20,796414.7868460059
2022-02-21,802790.7082413859
2022-02-22,808961.3848039537
2022-02-23,803848.1433532261
2022-02-24,787580.1524659926
2022-02-27,789026.8348004553
2022-02-28,777268.7172432243
2022-03-02,754678.6165670262
2022-03-06,752747.0543061228
2022-03-07,752827.8960851517
2022-03-09,743531.2338260292
2022-03-10,763112.1419196349
2022-03-13,786504.0709528993
2022-03-14,785496.1369789033
2022-03-15,775684.6642710984
2022-03-16,772331.4682069783
2022-03-20,765151.1429310088
2022-03-21,770410.5452142095
2022-03-22,771554.802969241
2022-03-23,764734.1479220993
2022-03-24,760549.4161579896
2022-03-27,745976.2938948442
2022-03-28,738580.6936991331
2022-03-29,733584.9533175019
2022-03-30,742435.6611629904
2022-03-31,734381.774985795
2022-04-03,724314.3658111795
2022-04-04,719086.3683351647
2022-04-05,707960.6555686704
2022-04-06,698064.779763455
2022-04-07,706756.0714953792
2022-04-11,693875.1329989537
2022-04-12,682968.1120486838
2022-04-13,687949.8807527163
2022-04-17,680298.4456167682
2022-04-18,669904.6584603004
2022-04-19,672198.4736993869
2022-04-20,661841.5359668452
2022-04-21,664494.7032609341
2022-04-24,690555.0900515614
2022-04-25,684684.4120135918
2022-04-26,681576.6822551205
2022-04-27,683323.1420326382
2022-04-28,678958.3354505049
2022-05-02,667988.2928517014
2022-05-04,659390.1220346165
2022-05-05,651753.6521475294
2022-05-08,654947.5827943935
2022-05-09,659407.9745287509
2022-05-10,673041.2730912305
2022-05-11,694474.8911792375
2022-05-12,686250.6350851224
2022-05-17,662194.6594467476
2022-05-18,666864.4168992118
2022-05-19,661282.6707352023
2022-05-20,658628.7717514671
2022-05-23,648401.0618906532
2022-05-24,653276.4213859888
2022-05-25,657939.1407143344
2022-05-26,660757.354579474
2022-05-27,657270.3814899902
2022-05-30,645976.983211828
2022-05-31,636937.1936760301
2022-06-01,632673.9027207093
2022-06-02,627105.1747563326
2022-06-03,618452.0208972851
2022-06-06,614179.2455926414
2022-06-07,604150.8945322371
2022-06-08,621335.3079899519
2022-06-09,616424.8009041752
2022-06-10,614469.3507043129
2022-06-13,611638.3799109316
2022-06-14,599671.1681110434
2022-06-15,587722.532938203
2022-06-16,625165.511880326
2022-06-17,622448.3896925359
2022-06-19,612128.6583801233
2022-06-20,600721.2736318508
2022-06-21,608890.1767881963
2022-06-22,599472.395774081
2022-06-23,586001.6478921871
2022-06-24,586622.3022012253
2022-06-26,609309.8757616351
2022-06-27,601572.6814095364
2022-06-28,596471.8708039032
2022-06-29,610724.7498185138
2022-06-30,633721.1725783927
2022-07-01,633845.522288024
2022-07-03,648536.9197836006
2022-07-04,645667.2146278777
2022-07-05,633124.0516172848
2022-07-06,634543.9868314278
2022-07-07,629666.9601719601
2022-07-08,619573.8731917653
2022-07-11,602468.9207609715
2022-07-12,605461.2628234545
2022-07-13,619528.5299489675
2022-07-14,624538.0028757864
2022-07-15,628041.0262583722
2022-07-17,624378.9852581692
2022-07-18,629192.704285939
2022-07-19,634228.4501322106
2022-07-20,636468.6888974531
2022-07-21,634067.5970926365
2022-07-22,626292.3146602107
2022-07-24,642771.8651847512
2022-07-25,656648.110844378
2022-07-26,645337.8631844753
2022-07-27,651582.1636682943
2022-07-28,653642.9688835512
2022-07-29,654347.110091437
2022-07-31,668835.7821259812
2022-08-01,671578.0549676615
2022-08-02,671550.5433108748
2022-08-03,668654.6558709221
2022-08-04,655965.4285049445
2022-08-05,645195.0154193407
2022-08-07,647830.4193636987
2022-08-08,642012.2137960449
2022-08-09,629596.1032093018
2022-08-10,629238.3506725237
2022-08-11,623785.9725024754
2022-08-14,616847.453415506
2022-08-15,635035.8902925742
2022-08-16,628333.903838377
2022-08-17,628418.8542590232
2022-08-18,635774.2987903709
2022-08-21,632710.0656483707
2022-08-22,632845.9268909277
2022-08-23,631980.4029398772
2022-08-24,633646.9713884685
2022-08-25,627599.8789672493
2022-08-26,623618.1100851457
2022-08-28,613823.273459564
2022-08-29,613725.9300672658
2022-08-30,614719.3238814418
2022-08-31,607262.0002353674
2022-09-01,609251.9468389025
2022-09-02,610135.528782309
2022-09-04,612347.2607212801
2022-09-05,611093.1570498928
2022-09-06,605766.3393010921
2022-09-07,602478.2985696036
2022-09-08,601482.6161773207
2022-09-11,598161.2335621016
2022-09-12,593654.0480171217
2022-09-13,598450.4342598611
2022-09-14,611456.6569977485
2022-09-15,597550.4838812163
2022-09-16,593257.555934466
2022-09-18,618262.0000791212
2022-09-20,607310.9960965703
2022-09-21,610368.8684255081
2022-09-22,607193.810275603
2022-09-25,600511.5660330545
2022-09-27,603844.024662968
2022-09-28,604490.7294869883
2022-09-29,607077.0265447524
2022-10-09,618077.8020007389
2022-10-10,610093.989445969
2022-10-11,606918.7972910675
2022-10-12,611012.2760733094
2022-10-13,610220.7875914532
2022-10-16,608043.4964526278
2022-10-17,606525.7705490342
2022-10-19,602312.8941038601
2022-10-20,601289.3837330211
2022-10-23,605849.6933097488
2022-10-31,607708.5581469751
2022-11-01,620753.0884263688
2022-11-02,622711.1210154674
2022-11-03,619757.0047336668
2022-11-06,630348.542974767
2022-11-07,631717.4073511071
2022-11-08,632825.6148572934
2022-11-09,617523.2887900227
2022-11-10,609525.7938547924
2022-11-13,608538.8758873077
2022-11-14,617588.0333701561
2022-11-15,614650.7107849191
2022-11-16,623988.9930243193
2022-11-17,636371.7804719103
2022-11-22,636767.7673335125
2022-11-23,624034.5697530438
2022-11-24,596139.4009708485
2022-11-27,605907.7114826718
2022-11-28,603468.6515038542
2022-11-29,601336.5709970281
2022-11-30,601199.308117436
2022-12-01,603381.9376766785
2022-12-04,606326.7536997325
2022-12-05,607444.3273930462
2022-12-06,608009.9044151308
2022-12-07,563941.8364915503
2022-12-11,553546.2549448899
2022-12-12,555803.3562426309
2022-12-13,554123.712644768
2022-12-14,550854.5022227671
2022-12-15,545099.2879324504
2022-12-18,532462.8103741225
2022-12-19,531075.6045602749
2022-12-20,535020.502897831
2022-12-21,531538.9577434831
2022-12-22,529837.132209334
2022-12-26,556724.868869347
2022-12-27,572127.385563143
2022-12-28,568973.5779748266
2022-12-29,587312.4525256467
2023-01-01,593459.8677396534
2023-01-02,591423.519527467
2023-01-03,588870.5993044778
2023-01-04,610147.0448395866
2023-01-05,623734.337257331
2023-01-08,635537.820246505
2023-01-09,696709.3479761541
2023-01-10,681208.8193520395
2023-01-12,668587.6901068866
2023-01-17,684011.1318795335
2023-01-18,687380.1567840334
2023-01-19,685211.5540492155
2023-01-23,676593.8072062747
2023-01-24,678129.9984384929
2023-01-25,681977.8014264617
2023-01-26,685795.0205877145
2023-01-29,683179.8120685318
2023-01-30,670206.7074064236
2023-01-31,660654.4127589382
2023-02-01,620164.0871235249
2023-02-02,611372.2057133797
2023-02-05,609434.9239475203
2023-02-06,607664.1715925558
2023-02-07,633066.874818892
2023-02-08,632433.6973736888
2023-02-09,637095.0859676958
2023-02-12,619857.9859375224
2023-02-14,613530.2950209861
2023-02-15,615269.3163815389
2023-02-16,609219.4067509578
2023-02-20,604624.856006272
2023-02-22,570108.3742442044
2023-02-23,548485.933257982
2023-02-26,551699.7307392363
2023-02-27,551680.559361654
2023-02-28,549811.4822806495
2023-03-01,543862.062620577
2023-03-02,533471.3527847801
2023-03-05,523864.81243363954
2023-03-07,531852.8851870839
2023-03-09,538944.6797476537
2023-03-12,519478.51522736927
2023-03-13,513224.40388556814
2023-03-14,513435.6656473326
2023-03-15,509067.02715879737
2023-03-16,508220.7026573772
2023-03-19,506860.8033316752
2023-03-20,513644.93540509674
2023-03-22,510632.8243974709
2023-03-23,503139.3914078052
2023-03-26,496202.69655674027
2023-03-27,498374.35591375537
2023-03-28,504831.33053872566
2023-03-29,502760.3388520723
2023-03-30,501045.0515067902
2023-04-02,493097.08838489663
2023-04-03,484509.4934394826
2023-04-04,485956.0428196124
2023-04-05,487098.47705545515
2023-04-06,485322.22041608376
2023-04-09,475533.3938331587
2023-04-10,477875.4014382701
2023-04-11,486979.8065903636
2023-04-12,510977.89088985854
2023-04-13,503613.92544442293
2023-04-16,505327.05909801467
2023-04-17,504156.6396719416
2023-04-18,501473.57767485233
2023-04-19,506156.5365652163
2023-04-20,502914.95522281533
2023-04-23,495751.59976540244
2023-04-24,496769.80538876925
2023-04-25,500117.38687632035
2023-04-26,496819.13637165976
2023-04-27,495556.8279120045
2023-04-30,488808.0510549511
2023-05-02,487287.74086524127
2023-05-03,484169.11668716586
2023-05-04,487442.1364939219
2023-05-07,482374.3473016931
2023-05-08,476837.4906997095
2023-05-09,479804.1494192528
2023-05-10,481382.12845834665
2023-05-11,480042.870400059
2023-05-14,475774.47490311926
2023-05-15,475914.2404148904
2023-05-16,476923.3526388001
2023-05-17,484831.99967500754
2023-05-18,495439.84586623294
2023-05-21,494825.5689329799
2023-05-22,496909.99332313973
2023-05-23,511130.2175833924
2023-05-24,510174.50465290225
2023-05-28,506527.2776500893
2023-05-30,495104.54169504123
2023-05-31,485132.9870794477
2023-06-01,489776.44545162976
2023-06-04,504616.262275229
2023-06-05,502945.5207952289
2023-06-06,512197.7351003388
2023-06-07,512910.09728733345
2023-06-08,512290.56137964944
2023-06-11,519943.663811223
2023-06-12,517573.39151539694
2023-06-13,527550.9440015722
2023-06-14,536971.8760928828
2023-06-15,534414.6664100274
2023-06-18,548630.3077818322
2023-06-19,548279.7042619186
2023-06-20,535145.1303981213
2023-06-21,530075.4041398657
2023-06-22,531152.7689798867
2023-06-25,543611.5469354878
2023-06-26,542269.7490800687
2023-06-27,557513.2826444411
2023-06-28,549358.1886877056
2023-07-02,531195.0603913246
2023-07-03,525468.1651000305
2023-07-04,524099.6726042462
2023-07-05,515001.14178971853
2023-07-06,510836.60882811894
2023-07-09,553077.0132041817
2023-07-10,549030.7005708993
2023-07-11,547073.49589466
2023-07-12,559250.2807391612
2023-07-13,554655.8170114831
2023-07-16,555950.5268644096
2023-07-17,565627.3510651579
2023-07-18,567362.2843981741
2023-07-19,566040.5019467415
2023-07-20,567312.8717614412
2023-07-23,580813.7005031352
2023-07-24,577343.10326873
2023-07-25,570533.6369912963
2023-07-26,567233.391677245
2023-07-27,560649.4403415786
2023-07-30,554388.169396166
2023-07-31,554444.2272414076
2023-08-01,547080.875560437
2023-08-02,548576.2090720814
2023-08-03,548647.3883239487
2023-08-06,539324.5594922465
2023-08-07,497756.72521397035
2023-08-08,490696.0792495719
2023-08-09,501709.23647668766
2023-08-10,502852.24196942034
2023-08-13,504146.6771618901
2023-08-14,504893.63379699894
2023-08-15,497806.9836122719
2023-08-16,493153.9406330089
2023-08-17,494666.3323468798
2023-08-20,487347.5947068121
2023-08-21,484789.6313534347
2023-08-22,488503.1288874158
2023-08-23,498161.21930612304
2023-08-24,489457.510146749
2023-08-27,483613.4626959839
2023-08-28,485163.21313707833
2023-08-29,482143.5585838185
2023-08-30,480712.6344930766
2023-09-03,474278.6997656421
2023-09-04,474665.0837392662
2023-09-05,472055.0775673067
2023-09-07,464239.49208865693
2023-09-10,466714.0019364418
2023-09-11,478628.07572870137
2023-09-12,472201.33457772684
2023-09-13,484003.67943047936
2023-09-17,474485.95127867
2023-09-18,476557.72412338067
2023-09-19,485150.860319707
2023-09-21,499189.1430630878
2023-09-24,492937.69309707417
2023-09-25,491217.5268599144
2023-09-26,498850.82698945364
2023-09-27,492515.221103588
2023-10-01,484878.0861101105
2023-10-02,488126.4377726451
2023-10-03,481398.42841434805
2023-10-04,483371.26326319075
2023-10-05,480660.70446311845
2023-10-08,472575.0447013771
2023-10-09,469014.574596946
2023-10-10,463274.55856164044
2023-10-11,463625.7421443387
2023-10-12,460802.73018098285
2023-10-16,454261.8151364579
2023-10-17,458283.81459516677
2023-10-18,471558.13460558734
2023-10-19,469501.162111033
2023-10-29,462471.340341773
2023-10-30,464118.8030343268
2023-10-31,460655.252857411
2023-11-01,459630.0541286906
2023-11-02,455337.06755496666
2023-11-05,448634.3081431243
2023-11-06,453139.31357485027
2023-11-07,456617.8275714637
2023-11-08,456920.40896951867
2023-11-09,455312.968413892
2023-11-20,456063.5823828619
2023-11-21,449976.0260411642
2023-11-22,453128.05497258133
2023-11-23,455340.6446705135
2023-11-26,466026.0228560304
2023-11-27,464238.3266055529
2023-11-28,462412.79789937084
2023-11-29,456323.61840776686
2023-11-30,454049.0644953458
2023-12-03,452959.8758050911
2023-12-04,451698.17014833534
2023-12-05,449227.13112629706
2023-12-06,453436.60361691273
2023-12-07,457053.6974114755
2023-12-10,487055.17479330825
2023-12-11,483663.76834291837
2023-12-12,488561.6502314502
2023-12-13,485431.35122551885
2023-12-14,488242.7896170598
2023-12-17,498695.33160499646
2023-12-18,504684.3928261152
2023-12-19,510614.2675833604
2023-12-20,517820.96997663146
2023-12-21,508658.1743431986
2023-12-24,496339.7218033366
2023-12-27,493104.949468676
2023-12-28,492998.311385037
2024-01-01,480632.1530784168
2024-01-02,469853.37042677787
2024-01-03,476874.7148507558
2024-01-04,479780.905837459
2024-01-07,483817.54366585915
2024-01-08,486619.4592101693
2024-01-09,490225.06663125753
2024-01-10,486677.40391353285
2024-01-11,494317.9387571907
2024-01-14,503629.5691220925
2024-01-16,516125.4855024122
2024-01-17,509382.913922082
2024-01-18,518335.2322880287
2024-01-21,520406.1870238158
2024-01-22,509043.0200827052
2024-01-23,505909.0161523089
2024-01-24,503079.1152578808
2024-01-25,503971.4652065166
2024-01-28,505455.6120180016
2024-01-29,482219.1526027287
2024-01-30,485290.94793212245
2024-01-31,480408.0569069049
2024-02-01,475145.1747547695
2024-02-04,471772.65464952437
2024-02-05,460635.9459478762
2024-02-06,462578.6198555086
2024-02-07,463424.50676097895
2024-02-08,461741.35447632486
2024-02-11,462697.3472885564
2024-02-12,464221.8568559301
2024-02-13,456917.26225144166
2024-02-14,453129.3223463982
2024-02-15,449440.40187797055
2024-02-18,443089.7110970867
2024-02-20,440614.67015792825
2024-02-21,440015.3849115405
2024-02-22,435433.99566239584
2024-02-25,427904.73376448633
2024-02-26,427856.08468195907
2024-02-27,431986.8221715162
2024-02-28,429486.3255167684
2024-02-29,424418.80997598957
2024-03-03,419437.63030541845
2024-03-04,506951.65736398334
2024-03-05,434235.2597588197
2024-03-06,433160.6097442131
2024-03-07,436352.0835033963
2024-03-10,441524.44978714205
2024-03-12,454015.0204464838
2024-03-13,452325.4963905553
2024-03-14,447499.4250594241
2024-03-17,442574.28164022765
2024-03-18,441957.24241658224
2024-03-19,440735.7310355842
2024-03-20,441894.9585406784
2024-03-21,437555.50818205596
2024-03-25,430899.1092672113
2024-03-26,430808.3785839045
2024-03-27,428398.05054608075
2024-03-28,428458.25020309986
2024-03-31,425501.45954061265
2024-04-01,422481.4638748053
2024-04-02,421214.88297470234
2024-04-03,421762.65898357105
2024-04-04,421931.1253534525
2024-04-07,425463.8250851195
2024-04-09,427078.39383857773
2024-04-10,425278.145550415
2024-04-14,423246.36412339006
2024-04-15,420889.715684783
2024-04-16,417397.4087639314
2024-04-18,413775.6059606922
2024-04-21,414106.0801990974
2024-04-22,412849.1743515419
2024-04-24,412797.31812841754
2024-04-25,411589.148742892
2024-04-28,412158.8247703846
2024-04-29,412172.6664491704
2024-04-30,416641.92256298906
2024-05-02,416474.66504665854
2024-05-05,411535.0181962069
2024-05-06,407801.3144388927
2024-05-07,408246.14052943554
2024-05-08,407767.7637575066
2024-05-09,406856.1880722153
2024-05-12,406873.6505287384
2024-05-13,409462.4409189614
2024-05-14,416445.65614674735
2024-05-15,414799.5633297446
2024-05-16,415056.562670659
2024-05-19,423251.45562604174
2024-05-20,425651.4783346997
2024-05-21,427149.43876490556
2024-05-22,433179.8323305059
2024-05-26,434161.28492854
2024-05-27,431905.26820555574
2024-05-29,426342.5133421267
2024-05-30,420841.5744456474
2024-06-02,422181.1251669059
2024-06-03,420771.19590919884
2024-06-04,420349.7910524502
2024-06-05,418186.5223273024
2024-06-06,416967.5716660153
2024-06-09,415465.8348258374
2024-06-10,417068.8924351807
2024-06-11,424819.01380899316
2024-06-12,425444.1501145835
2024-06-13,423636.98484851356
2024-06-16,422685.66506389604
2024-06-18,418477.836923772
2024-06-19,417788.72642079357
2024-06-20,415299.38168970443
2024-06-23,412363.1642185261
2024-06-24,412045.11560773716
2024-06-25,413554.92767173075
2024-06-26,409770.51705428015
2024-06-27,407469.70348129695
2024-06-30,404803.96705934935
2024-07-01,406340.38920253556
2024-07-02,416741.4115354647
2024-07-03,415727.036742432
2024-07-04,418128.4065491974
2024-07-07,421017.7896531166
2024-07-08,420419.8842336745
2024-07-09,422970.9565162053
2024-07-10,429061.26085631654
2024-07-11,433210.11814432294
2024-07-14,449983.46942816133
2024-07-15,449756.4441397441
2024-07-16,469394.17839322233
2024-07-17,485779.61354546767
2024-07-18,496059.37846726936
2024-07-21,504041.0390883892
2024-07-22,509008.94847079215
2024-07-23,521456.6030561043
2024-07-24,517168.8205757914
2024-07-25,529843.3742101792
2024-07-28,553136.3797024444
2024-07-29,547004.9995126063
2024-07-30,552445.7913129076
2024-07-31,565910.5105706711
2024-08-01,564947.3092385344
2024-08-05,570418.6419151381
2024-08-06,544393.8305147641
2024-08-07,566363.1668542335
2024-08-08,574656.7450917012
2024-08-11,599415.072074932
2024-08-12,621658.5656473639
2024-08-13,619060.1835778729
2024-08-14,633064.4297251859
2024-08-15,648409.0389348725
2024-08-18,637205.4446415921
2024-08-21,637403.3339501225
2024-08-22,640843.9630597947
2024-08-25,626797.237768267
2024-08-27,595396.8949203328
2024-08-28,597134.1728211764
2024-08-29,588826.9997684252
2024-09-01,580374.1438633094
2024-09-02,612942.142684219
2024-09-03,616507.1832972087
2024-09-04,599530.9725043707
2024-09-05,596780.8999958163
2024-09-08,589122.6060539053
2024-09-09,572461.2853740458
2024-09-10,569133.7959706348
2024-09-11,561219.1565245937
2024-09-12,580201.3592369645
2024-09-15,568421.6172273117
2024-09-16,558893.9897643856
2024-09-18,560416.5371632811
2024-09-22,566225.9375809955
2024-09-23,554473.0607439853
2024-09-24,539268.70352284
2024-09-25,551482.0878674097
2024-09-26,542275.3661924647
2024-09-29,542606.4839158081
2024-09-30,546603.4908744317
2024-10-01,572490.4815678946
2024-10-02,563197.030774236
2024-10-06,572113.2895886258
2024-10-07,579672.9835932227
2024-10-08,576842.9308576476
2024-10-09,578865.3979095316
2024-10-15,580505.2111354579
2024-10-16,592784.9216453682
2024-10-17,591662.0561839351
2024-10-20,582634.3317040597
2024-10-21,567489.5477572368
2024-10-22,572906.1795021609
2024-10-23,570605.3058256357
2024-10-24,569897.4441880573
2024-10-27,565804.4108055972
2024-10-28,573158.8354190518
2024-10-29,582789.8064275779
2024-10-30,578950.2831175611
2024-11-05,579332.0259994766
2024-11-06,576149.8589988465
2024-11-10,590501.7331115156
2024-11-11,596538.9359700697
2024-11-12,568846.0312336518
2024-11-13,559996.2449139095
2024-11-14,563019.2211919401
2024-11-17,565119.2743453702
2024-11-19,557285.3135604955
2024-11-20,555486.955806283
2024-11-21,548553.5989060998
2024-11-24,544325.5202372058
2024-11-25,548789.3759066917
2024-11-26,553351.1403914117
2024-11-27,558122.9039476386
2024-11-28,552522.8540533104
2024-12-01,545255.5776714806
2024-12-02,546056.6624968699
2024-12-03,545271.5586948143
2024-12-04,543236.5427964007
2024-12-05,536272.3859430976
2024-12-08,530816.0979889876
2024-12-09,528344.581744322
2024-12-10,528245.2902846164
2024-12-11,538249.8079268867
2024-12-12,531221.8368048697
2024-12-16,521265.23165156995
2024-12-17,523202.74119637965
2024-12-18,522520.62367394945
2024-12-19,517042.67998497566
2024-12-22,512923.39644865744
2024-12-23,519284.61588375625
2024-12-24,522059.21941756614
2024-12-26,523529.8352239352
2024-12-29,523326.5529153562
2024-12-31,508859.3125245142
2025-01-01,501338.2277042198
2025-01-02,501631.7717426393
2025-01-05,502408.5574178056
2025-01-06,510779.5012663358
2025-01-07,510962.037824153
2025-01-08,514283.98941538547
2025-01-09,513808.9445164821
2025-01-12,510222.39370635955
2025-01-13,507269.4056938163
2025-01-15,505571.15254888654
2025-01-16,504164.38936618227
2025-01-19,508743.8490209688
2025-01-20,510852.4643297663
2025-01-21,511965.67159965134
2025-01-22,520662.63157049887
2025-01-23,518825.51941672387
2025-01-26,517076.9410208662
2025-01-27,515342.87213960406
2025-01-28,517083.80556515435
2025-02-02,532209.320659546
2025-02-03,534511.1469036451
2025-02-04,532505.5433376615
2025-02-05,530503.3029570394
2025-02-06,526958.0592738605
2025-02-09,526976.9780761977
2025-02-10,525468.5427920809
2025-02-11,524689.5958615929
2025-02-12,520778.18565881724
2025-02-13,517857.4962945301
2025-02-16,513154.21544723836
2025-02-17,519243.83063410287
2025-02-18,516148.51634314295
2025-02-20,513456.72358976316
2025-02-23,511832.51362319815
2025-02-24,510142.4171931434
2025-02-25,511868.96018218907
2025-02-27,524052.58824736875
2025-03-02,542560.7386818258
2025-03-03,538048.950217371
2025-03-04,532951.6845007734
2025-03-05,526346.5215868382
2025-03-06,528287.6716102987
2025-03-09,519861.85370547266
2025-03-10,515502.3438013071
2025-03-11,510252.08230639336
2025-03-12,510487.85558710585
2025-03-16,505857.7932849599
2025-03-17,505547.39236524
2025-03-18,504038.7141539907
2025-03-19,501074.9779434447
2025-03-20,497782.5428289982
2025-03-23,488140.01500087156
2025-03-24,493535.9981053817
2025-03-25,483189.95028646936
2025-03-26,490380.1227350376
2025-03-27,496307.4645235421
2025-03-30,499775.3878856892
2025-04-01,494514.7743338493
2025-04-02,495189.19098821736
2025-04-03,497915.22944552975
2025-04-07,493937.41962095874
2025-04-08,493415.2414001707
2025-04-09,495707.6293262808
2025-04-10,495262.1351299214
2025-04-13,492039.0334580601
2025-04-15,498199.212891631
2025-04-16,501994.2293722566
2025-04-17,507310.788074499
2025-04-20,506812.74135507306
2025-04-21,510307.7610694436
2025-04-22,509074.03536664456
2025-04-23,499566.9796006396
2025-04-24,498285.1312652604
2025-04-27,507073.5672273431
2025-04-28,505445.2494022431
2025-04-29,502538.60348947224
2025-04-30,509383.3109085217
2025-05-04,511470.97787239193
2025-05-05,507539.0697623346
2025-05-06,515656.2715447068
2025-05-07,525479.4518142052
2025-05-08,522812.3952792879
2025-05-11,516355.14996235404
2025-05-13,511493.9684687691
2025-05-14,506962.5714537249
2025-05-15,505281.9365152547
2025-05-18,501190.8686373972
2025-05-19,508054.2513255129
2025-05-20,518941.87281395996
2025-05-21,518723.27079705097
2025-05-22,522136.5743653757
2025-05-25,520812.5882001823
2025-05-26,517186.7143121605
2025-05-27,515824.97486100195
2025-05-28,524387.4677587964
2025-06-02,523415.3001331929
2025-06-03,516062.28095999814
2025-06-04,511741.6585167334
2025-06-05,515208.3953111892
2025-06-08,519868.18205407076
2025-06-09,525131.9690702118
2025-06-10,531956.606447571
2025-06-11,536468.1697983629
2025-06-12,533619.0900556125
2025-06-15,536081.7333463721
2025-06-16,532781.2279103847
2025-06-17,530804.6487309119
2025-06-18,528510.3160131044
2025-06-19,523730.384054988
2025-06-22,513258.80036043737
2025-06-23,515554.634699623
2025-06-24,513884.0014705226
2025-06-25,514474.45353068475
2025-06-26,512369.9705008661
2025-06-29,518354.9161370377
2025-06-30,519958.884150662
2025-07-01,526051.0552114128
2025-07-02,530180.6397715354
2025-07-03,531086.4121862017
2025-07-06,530317.5296655962
2025-07-07,526652.6040208809
2025-07-08,526496.4465021272
2025-07-09,530324.0816980241
2025-07-10,533305.3722433976
2025-07-13,540862.1871883256
2025-07-14,535103.5899312256
2025-07-15,542766.168832838
2025-07-16,547515.9580371578
2025-07-17,562699.877805146
2025-07-20,565662.4396345275
2025-07-21,573088.8365003527
2025-07-22,589605.5346152068
2025-07-23,591195.0290254876
2025-07-24,593861.8798947029
2025-07-27,586626.0206270518
2025-07-28,584793.9066748993
2025-07-29,587840.1676245529
2025-07-30,575199.651221361
2025-07-31,569086.811367847
2025-08-03,557222.2897524723
2025-08-04,562028.8096622912
2025-08-05,553782.9816855781
2025-08-06,552690.3004746172
2025-08-07,557218.2813838903
2025-08-11,551948.1955472772
2025-08-12,545992.7678585948
2025-08-13,545310.2068016918
2025-08-14,544817.1106327546
2025-08-17,542420.6213107232
2025-08-18,544851.4928516406
2025-08-19,547536.3845511357
2025-08-20,544603.5475976659
2025-08-21,544487.8777416238
2025-08-24,541605.2412134745
2025-08-25,546179.122402908
2025-08-26,546981.5543008802
2025-08-27,555175.5879000342
2025-08-28,548834.7792394375
2025-08-31,541844.3472310263
2025-09-01,545317.3157997226
2025-09-02,540129.4039994775
2025-09-03,537432.2648262117
2025-09-04,535655.7211516026
2025-09-07,534299.1619824603
2025-09-08,526800.6002749825
2025-09-18,488855.67848785187
2025-09-21,517841.14466309594
2025-09-23,531561.482450311
2025-09-24,525886.4090964625
2025-09-25,526629.544035581
2025-09-28,531689.9618119798
2025-10-07,522321.2473521627
2025-10-08,512764.36768294085
2025-10-09,519766.411681399
2025-10-12,504236.6574714849
2025-10-13,509764.7720822476
2025-10-14,503613.9134963659
2025-10-15,500936.93179749
2025-10-16,498476.8496299712
2025-10-19,499567.3143503576
2025-10-26,497979.3494569428
2025-10-28,511289.8056231433
2025-10-29,509753.01376411325
2025-10-30,516277.70506139327
2025-11-02,522070.9463396304
2025-11-03,520217.29540260776
2025-11-04,514232.79636050155
2025-11-05,514883.9737094981
2025-11-06,510113.1528552036
2025-11-09,506759.730679365
2025-11-10,504006.6200746288
2025-11-11,505943.7663644777
2025-11-12,503882.793573052
2025-11-13,504274.68635254266
2025-11-16,502213.4499506
2025-11-17,503324.384809753
2025-11-18,505256.39378525293
2025-11-19,504086.7720140552
2025-11-20,503098.69923478033
2025-11-23,511771.6914343086
2025-11-24,520223.39140228333
2025-11-25,519984.60679845535
2025-11-26,521263.6918864344
2025-11-27,521563.33242916514
2025-11-30,516944.72972908313
2025-12-01,515296.6801283071
2025-12-02,515245.790191597
2025-12-03,510705.75861391606
2025-12-07,507595.569216925
2025-12-08,506048.0101288815
2025-12-09,506869.1609152275
2025-12-10,505803.5812614053
2025-12-11,505248.3956894887
2025-12-14,504921.332026471
2025-12-15,506769.783462453
2025-12-16,511830.949491491
2025-12-17,511908.1641788445
2025-12-18,509680.12998164416
2025-12-21,507557.4264320597
2025-12-22,502836.37492530653
2025-12-23,502713.5111231709
2025-12-24,498152.9278668585
2025-12-28,505817.82389865344
2025-12-29,503515.17916256975
2025-12-31,499173.6867427315
2026-01-01,491967.30573755834
2026-01-04,483897.61846467544
2026-01-05,486037.05010034237
2026-01-06,485278.5515437366
2026-01-07,484312.51399443304
2026-01-08,485287.64401415415
2026-01-12,483449.73378084425
2026-01-13,484849.80163887294
2026-01-14,484354.8943613106
2026-01-18,489850.0041675336
2026-01-20,497952.1782152123
2026-01-21,497290.6535157121
2026-01-22,497171.0378279879
2026-01-25,507884.87630230474
2026-01-26,504609.51712849014
2026-01-27,495908.55243690667
2026-01-28,495182.437213517
2026-01-29,497324.32356647257
2026-02-01,495679.9251161206
2026-02-02,493097.73859410104
2026-02-03,490200.02437602077
2026-02-04,488995.6368092093
2026-02-05,502902.9762022157
2026-02-08,506371.01335503184
2026-02-09,510781.2986257996
2026-02-10,512241.5806636984
2026-02-11,519773.91695409216
2026-02-12,515872.86612417136
2026-02-16,511525.96988332854
2026-02-17,507592.5821794113
2026-02-22,499504.5185733764
2026-02-23,496558.85173689056
2026-02-24,502202.1884332996
2026-02-25,504586.4773980098
2026-02-26,506187.6414180377
2026-03-01,508549.3564181674
2026-03-03,518287.8201053586
2026-03-09,550764.1925197063
2026-03-10,544968.297170466
2026-03-11,541830.0897834109
2026-03-12,546076.8499761835
2026-03-15,549270.1699169049
2026-03-16,542930.0316816275
2026-03-17,546470.0370374643
2026-03-19,553041.8459976771
2026-03-22,559038.4199948454
2026-03-23,557081.3234173541
2026-03-24,558844.1760371026
2026-03-25,552789.0753927369
2026-03-26,559478.7686915331
2026-03-29,548339.9739874422
2026-03-30,541558.4474483874
2026-03-31,542068.8720657314
2026-04-01,526997.3365494525
2026-04-02,526085.9976481275
2026-04-05,504077.9281938063
2026-04-06,522842.0376932013
2026-04-07,521400.6000127811
2026-04-08,527124.8541499816
2026-04-09,536141.866898294
2026-04-10,532661.3090489449
2026-04-13,533078.4965607745
2026-04-15,537690.4399907961
2026-04-16,531265.1782395502
2026-04-17,530453.8542303637
2026-04-20,526291.5854880634
2026-04-21,521347.80889026466
2026-04-22,523266.4489482668
2026-04-23,520167.1065648847
2026-04-24,519299.0928896995
2026-04-27,520806.2915990724
2026-04-28,518120.3696155189
2026-04-29,513387.8733388818
2026-04-30,514868.02467359207
2026-05-04,507353.1469311454
2026-05-05,509834.7019752292
2026-05-06,509327.8106592189
2026-05-07,508492.2167811293
2026-05-08,514604.25175329123
2026-05-11,522553.30493776966
2026-05-12,516551.28936570697
2026-05-13,516421.7924207911
2026-05-14,515572.48406531813
2026-05-15,514468.66758315166
2026-05-18,515760.55534534086
2026-05-19,513748.9221344213
2026-05-20,519057.366308105
2026-05-21,518741.10566094256
2026-05-22,523134.37581093516
2026-05-25,527555.0427712286
2026-05-26,525217.386129383
2026-05-27,528775.2742277159
2026-06-01,526603.007442411
2026-06-02,529193.9121246005
2026-06-03,531939.6877712909
2026-06-04,529833.7086245769
2026-06-05,525938.1002895276
2026-06-08,522062.3643482346
2026-06-09,522582.8756323822
2026-06-10,522692.0567228181
2026-06-11,520664.3270249069
2026-06-12,522155.6293875412
2026-06-15,519526.4366032819
2026-06-16,518200.7718052356
2026-06-17,518080.0830958388
2026-06-18,516931.1141638866
2026-06-19,516320.8966860466
2026-06-22,516898.50729074416
2026-06-23,512584.11915716145
2026-06-24,511886.84748800227
2026-06-25,509654.6560077689
2026-06-26,508068.6256170584
2026-06-29,506000.580615133
2026-06-30,502941.42820014455
2026-07-01,510484.29066791624
2026-07-02,511840.2865843112
2026-07-03,509803.48117374914
2026-07-06,505236.10717285593
2026-07-07,512368.1644419482
2026-07-08,505282.36095142
2026-07-09,504298.1079029253
2026-07-10,503669.6967691531
2026-07-13,500323.20243118436
2026-07-14,502074.7813523398
2026-07-15,504737.33775874786
2026-07-16,505144.0761863543
2026-07-17,520833.1895773593
2026-07-20,528325.3992346621
2026-07-21,532562.1344906418
2026-07-22,531777.0645971616
2026-07-23,531269.628917135
2026-07-24,530612.8785488977
2026-07-27,528573.9702913658
2026-07-28,529978.9820085603
2026-07-29,527464.843109253
2026-07-30,524524.1003047338
2026-07-31,528598.1128544002
2026-08-03,529510.1245377186
2026-08-04,525176.8934024073
2026-08-05,528403.4706938094
2026-08-06,526417.0704510782
2026-08-07,522578.58018817124
2026-08-10,523178.220976939
2026-08-11,520911.9619823926
2026-08-12,520802.5380831881
2026-08-13,521302.6542695829
2026-08-14,518012.3009681628
